#Scan#	SpectrumFile	Annotation	OrigAnnotation	Protein	dbIndex	numMods	matchOrientation	startMass	Charge	MQScore	p-value	isDecoy	StrictEnvelopeScore	UnstrictEvelopeScore	CompoundName	Organism	FileScanUniqueID	FDR	LibraryName	mzErrorPPM	LibMetaData	Smiles	Inchi	LibSearchSharedPeaks	Abundance	ParentMassDiff	SpecMZ	ExactMass	LibrarySpectrumID
17	spectra_filtered.mgf	*..*		:159	118	-1	0	156.077	1	0.998835	0	0	46937200.0	13729700.0	histidine (known structural isomers: 0; isobaric peaks in run: 0) [M+H]+	CMMC-FOOD-BIOMARKERS	temp/spectra_filtered.mgf17	-1	CMMC-FOOD-BIOMARKERS.mgf	1.46647				7	0	0.000228882	156.077	0	CCMSLIB00013576234
90	spectra_filtered.mgf	*..*		:156	405	-1	0	156.077	1	0.998542	0	0	54648600.0	17690700.0	histidine (known structural isomers: 0; isobaric peaks in run: 0) [M+H]+	CMMC-FOOD-BIOMARKERS	temp/spectra_filtered.mgf90	-1	CMMC-FOOD-BIOMARKERS.mgf	1.27094				6	0	0.000198364	156.077	0	CCMSLIB00013576595
284	spectra_filtered.mgf	*..*		:44618	44618	-1	0	267.109	1	0.994774	0	0	104.818	65934700.0	3-DEAZAADENOSINE [M+H]+	MSNLIB-POSITIVE	temp/spectra_filtered.mgf284	-1	MSNLIB-POSITIVE.mgf	3725.62				9	0	0.995148	268.104	0	CCMSLIB00012357130
750	spectra_filtered.mgf	*..*		:9865	9865	-1	0	205.0	1	0.992859	0	0	58861400.0	158476000.0	Massbank:KO004073 Trp|Tryptophan|L-Tryptophan|(S)-alpha-Amino-beta-(3-indolyl)-propionic acid [M+H]+	MASSBANK	temp/spectra_filtered.mgf750	-1	MASSBANK.mgf	473.916				8	0	0.0971527	205.097	0	CCMSLIB00000220666
483	spectra_filtered.mgf	*..*		:408	885	-1	0	166.083	1	0.992573	0	0	62554700.0	1874010000.0	Spectral Match to DL-Phenylalanine from NIST14 M+H	GNPS-NIST14-MATCHES	temp/spectra_filtered.mgf483	-1	GNPS-NIST14-MATCHES.mgf	20.488				6	0	0.00340271	166.086	0	CCMSLIB00003135371
949	spectra_filtered.mgf	*..*		:1236	2120	-1	0	245.186	1	0.991528	0	0	13830300.0	34323600.0	Spectral Match to Ile-Leu from NIST14 M+H	GNPS-NIST14-MATCHES	temp/spectra_filtered.mgf949	-1	GNPS-NIST14-MATCHES.mgf	0.248934				7	0	6.10352e-05	245.186	0	CCMSLIB00003136607
479	spectra_filtered.mgf	*..*		:477	615	-1	0	131.049	1	0.990839	0	0	17466800.0	15379400.0	TRANS_CINNAMIC_ACID M-H2O+H	LEAFBOT	temp/spectra_filtered.mgf479	-1	LEAFBOT.mgf	2.56159				6	0	0.000335693	131.049	0	CCMSLIB00011431672
1530	spectra_filtered.mgf	*..*		:408	885	-1	0	166.083	1	0.990579	0	0	62554700.0	2436410.0	Spectral Match to DL-Phenylalanine from NIST14 M+H	GNPS-NIST14-MATCHES	temp/spectra_filtered.mgf1530	-1	GNPS-NIST14-MATCHES.mgf	19.9368				6	0	0.00331116	166.086	0	CCMSLIB00003135371
613	spectra_filtered.mgf	*..*		:7683	7683	-1	0	224.128	1	0.990239	0	0	537331000.0	27140300.0	GABA_p-Anisaldehyde (known isomers: 0; isobaric peaks in run: 1) [M+H]+	GNPS-ALKYLAMINES-LIBRARY	temp/spectra_filtered.mgf613	-1	GNPS-ALKYLAMINES-LIBRARY.mgf	4551.19				6	0	1.02005	223.108	0	CCMSLIB00016350710
206	spectra_filtered.mgf	*..*		:2916	54040	-1	0	130.05	1	0.989762	0	0	152.4	6036310.0	PYROGLUTAMIC ACID M+H	MONA	temp/spectra_filtered.mgf206	-1	MONA.mgf	7714.34				6	0	1.00325	131.053	0	CCMSLIB00006683069
492	spectra_filtered.mgf	*..*		:800	51924	-1	0	166.086	1	0.988489	0	0	115.6	15886600.0	PHENYLALANINE M+H	MONA	temp/spectra_filtered.mgf492	-1	MONA.mgf	6042.29				6	0	1.00354	167.09	0	CCMSLIB00006680953
2009	spectra_filtered.mgf	*..*		:1815	1815	-1	0	292.191	1	0.98647	0	0	186907000.0	1278130.0	Candidate Phenylalanine-C8:0 (delta mass:126.1043) M+H	GNPS-N-ACYL-LIPIDS-MASSQL	temp/spectra_filtered.mgf2009	-1	GNPS-N-ACYL-LIPIDS-MASSQL.mgf	115.202				9	0	0.0336609	292.225	0	CCMSLIB00016340220
1249	spectra_filtered.mgf	*..*		:1777	252	-1	0	342.238	1	0.984187	0	0	65161600.0	98135400.0	Spectral Match to Ile-Pro-Ile from NIST14 M+H	GNPS-NIST14-MATCHES	temp/spectra_filtered.mgf1249	-1	GNPS-NIST14-MATCHES.mgf	2.05092				9	0	0.000701904	342.239	0	CCMSLIB00003134738
141	spectra_filtered.mgf	*..*		:77367	177806	-1	0	130.086	1	0.984082	0	0	112.759	54658600.0	1-(dimethylamino)cyclopropanecarboxylic acid [M+H]+	MSNLIB-POSITIVE	temp/spectra_filtered.mgf141	-1	MSNLIB-POSITIVE.mgf	3.04974				6	0	0.000396729	130.086	0	CCMSLIB00012878895
608	spectra_filtered.mgf	*..*		:991	3556	-1	0	279.133	1	0.981698	0	0	77563100.0	32337100.0	Spectral Match to Tyr-Pro from NIST14 M+H	GNPS-NIST14-MATCHES	temp/spectra_filtered.mgf608	-1	GNPS-NIST14-MATCHES.mgf	4.04521				8	0	0.00112915	279.134	0	CCMSLIB00003138043
1012	spectra_filtered.mgf	*..*		:89734	89734	-1	0	265.155	1	0.980944	0	0	135.33	22209600.0	N-Valylphenylalanine [M+H]+	MSNLIB-POSITIVE	temp/spectra_filtered.mgf1012	-1	MSNLIB-POSITIVE.mgf	1.26603				8	0	0.000335693	265.155	0	CCMSLIB00012440986
654	spectra_filtered.mgf	*..*		:310	5215	-1	0	371.229	1	0.979948	0	0	4839500.0	13530500.0	Spectral Match to PyroGlu-Ile-Lys from NIST14 M+H	GNPS-NIST14-MATCHES	temp/spectra_filtered.mgf654	-1	GNPS-NIST14-MATCHES.mgf	0.0				15	0	0.0	371.229	0	CCMSLIB00003139702
1051	spectra_filtered.mgf	*..*		:1236	2120	-1	0	245.186	1	0.979833	0	0	13830300.0	23105700.0	Spectral Match to Ile-Leu from NIST14 M+H	GNPS-NIST14-MATCHES	temp/spectra_filtered.mgf1051	-1	GNPS-NIST14-MATCHES.mgf	0.124467				7	0	3.05176e-05	245.186	0	CCMSLIB00003136607
785	spectra_filtered.mgf	*..*		:341	5139	-1	0	229.118	1	0.979482	0	0	7119130.0	188057000.0	Spectral Match to PyroGlu-Val from NIST14 M+H	GNPS-NIST14-MATCHES	temp/spectra_filtered.mgf785	-1	GNPS-NIST14-MATCHES.mgf	158.836				10	0	0.0363922	229.154	0	CCMSLIB00003139626
2016	spectra_filtered.mgf	*..*		:10702	11148	-1	0	415.212	1	0.979249	0	0	4896590.0	1391980.0	1-({[2-(2-furylmethyl)-5-methylpyrrolidinyl]amino}methylene)-7-[8-({[2-(2-fury lmethyl)pyrrolidinyl]amino}methylene)-1,6-dihydroxy-3-methyl-5-(methylethyl)-7 -oxo(2-naphthyl)]-3,8-dihydroxy-6-methyl-4-(methylethyl)naphthalen-2-one CollisionEnergy:102040 M+2H]	BERKELEY-LAB	temp/spectra_filtered.mgf2016	-1	BERKELEY-LAB.mgf	1.17598				7	0	0.000488281	415.212	0	CCMSLIB00010113136
2006	spectra_filtered.mgf	*..*		:2001	2001	-1	0	336.217	1	0.977044	0	0	45027000.0	853529.0	Candidate Tyrosine-C10:0 (delta mass:154.1359) M+H	GNPS-N-ACYL-LIPIDS-MASSQL	temp/spectra_filtered.mgf2006	-1	GNPS-N-ACYL-LIPIDS-MASSQL.mgf	100.117				10	0	0.0336609	336.251	0	CCMSLIB00016340406
315	spectra_filtered.mgf	*..*		:22589	22589	-1	0	285.065	1	0.976894	0	0	103.021	5781100.0	574-25-4 [M+H]+	MSNLIB-POSITIVE	temp/spectra_filtered.mgf315	-1	MSNLIB-POSITIVE.mgf	3388.93				6	0	0.966064	284.099	0	CCMSLIB00012312216
209	spectra_filtered.mgf	*..*		:205	5467	-1	0	158.093	1	0.976562	0	0	2597860.0	10454700.0	Spectral Match to L-Arginine from NIST14 M+H-NH3	GNPS-NIST14-MATCHES	temp/spectra_filtered.mgf209	-1	GNPS-NIST14-MATCHES.mgf	3.37812				6	0	0.000534058	158.092	0	CCMSLIB00003139954
190	spectra_filtered.mgf	*..*		:26	785	-1	0	330.06	1	0.974626	0	0	5204930.0	8231200.0	ADENOSINE 2',3'-CYCLIC PHOSPHATE M+H	GNPS-MSMLS	temp/spectra_filtered.mgf190	-1	GNPS-MSMLS.mgf	0.832146				6	0	0.000274658	330.06	0	CCMSLIB00005464536
778	spectra_filtered.mgf	*..*		:341	5139	-1	0	229.118	1	0.974375	0	0	7119130.0	157785000.0	Spectral Match to PyroGlu-Val from NIST14 M+H	GNPS-NIST14-MATCHES	temp/spectra_filtered.mgf778	-1	GNPS-NIST14-MATCHES.mgf	3.1301				10	0	0.000717163	229.119	0	CCMSLIB00003139626
1130	spectra_filtered.mgf	*..*		:1314	2089	-1	0	245.186	1	0.973547	0	0	7496170.0	16535900.0	Spectral Match to Ile-Leu from NIST14 M+H	GNPS-NIST14-MATCHES	temp/spectra_filtered.mgf1130	-1	GNPS-NIST14-MATCHES.mgf	0.497868				6	0	0.00012207	245.186	0	CCMSLIB00003136576
609	spectra_filtered.mgf	*..*		:6385	6385	-1	0	189.123	1	0.972942	0	0	1084820000.0	38478200.0	Gly-Leu - 40.0 eV M+H	BIRMINGHAM-UHPLC-MS-POS	temp/spectra_filtered.mgf609	-1	BIRMINGHAM-UHPLC-MS-POS.mgf	1.85568				6	0	0.000350952	189.123	0	CCMSLIB00006123503
2036	spectra_filtered.mgf	*..*		:1778	1778	-1	0	286.238	1	0.972498	0	0	282331000.0	507311.0	Candidate Leucine-C10:0 (delta mass:154.1361) M+H	GNPS-N-ACYL-LIPIDS-MASSQL	temp/spectra_filtered.mgf2036	-1	GNPS-N-ACYL-LIPIDS-MASSQL.mgf	1.81247				9	0	0.000518799	286.237	0	CCMSLIB00016340183
560	spectra_filtered.mgf	*..*		:223	5597	-1	0	233.149	1	0.972058	0	0	3146420.0	16498200.0	Spectral Match to Thr-Leu from NIST14 M+H	GNPS-NIST14-MATCHES	temp/spectra_filtered.mgf560	-1	GNPS-NIST14-MATCHES.mgf	3.46867				10	0	0.000808716	233.15	0	CCMSLIB00003140084
277	spectra_filtered.mgf	*..*		:54	1136	-1	0	315.202	1	0.97157	0	0	2635180.0	2921210.0	Spectral Match to Ala-Pro-Lys from NIST14 M+H	GNPS-NIST14-MATCHES	temp/spectra_filtered.mgf277	-1	GNPS-NIST14-MATCHES.mgf	2.22684				12	0	0.000701904	315.203	0	CCMSLIB00003135622
254	spectra_filtered.mgf	*..*		:1382	1382	-1	0	188.164	1	0.971199	0	0	417006000.0	17562000.0	Valine_2-Pentanone (known isomers: 0; isobaric peaks in run: 1) [M+H]+	GNPS-ALKYLAMINES-LIBRARY	temp/spectra_filtered.mgf254	-1	GNPS-ALKYLAMINES-LIBRARY.mgf	5098.81				7	0	0.959412	189.123	0	CCMSLIB00016344409
469	spectra_filtered.mgf	*..*		:183	5563	-1	0	341.218	1	0.97059	0	0	1349690.0	18483100.0	Spectral Match to Pro-Pro-Lys from NIST14 M+H	GNPS-NIST14-MATCHES	temp/spectra_filtered.mgf469	-1	GNPS-NIST14-MATCHES.mgf	1.60987				11	0	0.000549316	341.219	0	CCMSLIB00003140050
1163	spectra_filtered.mgf	*..*		:1678	227	-1	0	279.17	1	0.970131	0	0	11984000.0	17138900.0	Spectral Match to Phe-Leu from NIST14 M+H	GNPS-NIST14-MATCHES	temp/spectra_filtered.mgf1163	-1	GNPS-NIST14-MATCHES.mgf	0.983838				6	0	0.000274658	279.17	0	CCMSLIB00003134713
1000	spectra_filtered.mgf	*..*		:713	2291	-1	0	245.186	1	0.9697	0	0	3366680.0	14065300.0	Spectral Match to Ile-Leu from NIST14 M+H	GNPS-NIST14-MATCHES	temp/spectra_filtered.mgf1000	-1	GNPS-NIST14-MATCHES.mgf	0.124467				6	0	3.05176e-05	245.186	0	CCMSLIB00003136778
235	spectra_filtered.mgf	*..*		:314	1141	-1	0	346.055	1	0.968438	0	0	2813710.0	11897900.0	Spectral Match to Guanosine 3',5'-cyclic monophosphate from NIST14 M+H	GNPS-NIST14-MATCHES	temp/spectra_filtered.mgf235	-1	GNPS-NIST14-MATCHES.mgf	0.705497				7	0	0.000244141	346.055	0	CCMSLIB00003135627
536	spectra_filtered.mgf	*..*		:1350	1350	-1	0	202.18	1	0.966915	0	0	182113000.0	14581100.0	Isoleucine_2-Pentanone (known isomers: 0; isobaric peaks in run: 1) [M+H]+	GNPS-ALKYLAMINES-LIBRARY	temp/spectra_filtered.mgf536	-1	GNPS-ALKYLAMINES-LIBRARY.mgf	4744.65				6	0	0.959274	203.139	0	CCMSLIB00016344377
1857	spectra_filtered.mgf	*..*		:1297	1295	-1	0	261.0	1	0.966845	0	0	198.0	3071540.0	ReSpect:PM014407 Cyclo(Phe-Leu) M+H	RESPECT	temp/spectra_filtered.mgf1857	-1	RESPECT.mgf	612.456				8	0	0.159851	261.16	0	CCMSLIB00000211289
2040	spectra_filtered.mgf	*..*		:1923	1923	-1	0	320.222	1	0.966805	0	0	25994900.0	1326990.0	Candidate Phenylalanine-C10:0 (delta mass:154.1359) M+H	GNPS-N-ACYL-LIPIDS-MASSQL	temp/spectra_filtered.mgf2040	-1	GNPS-N-ACYL-LIPIDS-MASSQL.mgf	5.43218				7	0	0.0017395	320.224	0	CCMSLIB00016340328
1290	spectra_filtered.mgf	*..*		:1678	227	-1	0	279.17	1	0.966408	0	0	11984000.0	16149500.0	Spectral Match to Phe-Leu from NIST14 M+H	GNPS-NIST14-MATCHES	temp/spectra_filtered.mgf1290	-1	GNPS-NIST14-MATCHES.mgf	0.983838				7	0	0.000274658	279.17	0	CCMSLIB00003134713
239	spectra_filtered.mgf	*..*		:186	2911	-1	0	235.115	1	0.966165	0	0	2418390.0	121600000.0	Spectral Match to His-Pro from NIST14 M+H-H2O	GNPS-NIST14-MATCHES	temp/spectra_filtered.mgf239	-1	GNPS-NIST14-MATCHES.mgf	17.1334				9	0	0.00402832	235.119	0	CCMSLIB00003137398
624	spectra_filtered.mgf	*..*		:223	5597	-1	0	233.149	1	0.96589	0	0	3146420.0	20617100.0	Spectral Match to Thr-Leu from NIST14 M+H	GNPS-NIST14-MATCHES	temp/spectra_filtered.mgf624	-1	GNPS-NIST14-MATCHES.mgf	3.14143				9	0	0.000732422	233.15	0	CCMSLIB00003140084
312	spectra_filtered.mgf	*..*		:186	2911	-1	0	235.115	1	0.964511	0	0	2418390.0	10261400.0	Spectral Match to His-Pro from NIST14 M+H-H2O	GNPS-NIST14-MATCHES	temp/spectra_filtered.mgf312	-1	GNPS-NIST14-MATCHES.mgf	111.302				9	0	0.0261688	235.089	0	CCMSLIB00003137398
91	spectra_filtered.mgf	*..*		:10382	10382	-1	0	175.12	1	0.962359	0	0	17916.1	105830000.0	Massbank:PB000420 Arginine|2-amino-5-(diaminomethylideneamino)pentanoic acid [M+H]+	MASSBANK	temp/spectra_filtered.mgf91	-1	MASSBANK.mgf	5.66367				6	0	0.000991821	175.119	0	CCMSLIB00000221715
749	spectra_filtered.mgf	*..*		:620	2573	-1	0	188.07	1	0.96132	0	0	4792390.0	298461000.0	Spectral Match to L-Tryptophan from NIST14 M+H-NH3	GNPS-NIST14-MATCHES	temp/spectra_filtered.mgf749	-1	GNPS-NIST14-MATCHES.mgf	2.92081				6	0	0.000549316	188.071	0	CCMSLIB00003137060
161	spectra_filtered.mgf	*..*		:29698	41697	-1	0	348.07	1	0.958782	0	0	3814350.0	9119390.0	Massbank: 3'-AMP|[(2R,3S,4R,5R)-5-(6-aminopurin-9-yl)-4-hydroxy-2-(hydroxymethyl)oxolan-3-yl] dihydrogen phosphate M+H	MASSBANK	temp/spectra_filtered.mgf161	-1	MASSBANK.mgf	1.05212				6	0	0.000366211	348.07	0	CCMSLIB00005755249
152	spectra_filtered.mgf	*..*		:93968	194407	-1	0	123.055	1	0.958718	0	0	160.352	1405510.0	nicotinamide [M+H]+	MSNLIB-POSITIVE	temp/spectra_filtered.mgf152	-1	MSNLIB-POSITIVE.mgf	8000.46				6	0	0.984497	124.039	0	CCMSLIB00013010914
386	spectra_filtered.mgf	*..*		:186	2911	-1	0	235.115	1	0.95844	0	0	2418390.0	7546950.0	Spectral Match to His-Pro from NIST14 M+H-H2O	GNPS-NIST14-MATCHES	temp/spectra_filtered.mgf386	-1	GNPS-NIST14-MATCHES.mgf	193.724				9	0	0.0455475	235.069	0	CCMSLIB00003137398
494	spectra_filtered.mgf	*..*		:216	5129	-1	0	219.134	1	0.95764	0	0	1723960.0	9369420.0	Spectral Match to Ser-Leu from NIST14 M+H	GNPS-NIST14-MATCHES	temp/spectra_filtered.mgf494	-1	GNPS-NIST14-MATCHES.mgf	0.835587				7	0	0.000183105	219.134	0	CCMSLIB00003139616
548	spectra_filtered.mgf	*..*		:262	4591	-1	0	219.134	1	0.957353	0	0	26790900.0	40511500.0	Spectral Match to Ser-Leu from NIST14 M+H	GNPS-NIST14-MATCHES	temp/spectra_filtered.mgf548	-1	GNPS-NIST14-MATCHES.mgf	1.39264				6	0	0.000305176	219.134	0	CCMSLIB00003139078
2038	spectra_filtered.mgf	*..*		:1923	1923	-1	0	320.222	1	0.956632	0	0	25994900.0	477468.0	Candidate Phenylalanine-C10:0 (delta mass:154.1359) M+H	GNPS-N-ACYL-LIPIDS-MASSQL	temp/spectra_filtered.mgf2038	-1	GNPS-N-ACYL-LIPIDS-MASSQL.mgf	3.24024				7	0	0.0010376	320.223	0	CCMSLIB00016340328
214	spectra_filtered.mgf	*..*		:72974	173413	-1	0	155.081	1	0.956011	0	0	107.956	25651200.0	2-(1-methyl-1H-pyrazol-4-yl)propanoic acid [M+H]+	MSNLIB-POSITIVE	temp/spectra_filtered.mgf214	-1	MSNLIB-POSITIVE.mgf	3.54213				6	0	0.000549316	155.082	0	CCMSLIB00012873321
517	spectra_filtered.mgf	*..*		:186	2911	-1	0	235.115	1	0.955092	0	0	2418390.0	12634700.0	Spectral Match to His-Pro from NIST14 M+H-H2O	GNPS-NIST14-MATCHES	temp/spectra_filtered.mgf517	-1	GNPS-NIST14-MATCHES.mgf	17.4579				9	0	0.00410461	235.119	0	CCMSLIB00003137398
917	spectra_filtered.mgf	*..*		:3301	103740	-1	0	264.113	1	0.954535	0	0	107.068	16763000.0	AKOS009175680 [M+H-H2O]+	MSNLIB-POSITIVE	temp/spectra_filtered.mgf917	-1	MSNLIB-POSITIVE.mgf	3945.14				6	0	1.04196	265.155	0	CCMSLIB00012743303
672	spectra_filtered.mgf	*..*		:430	430	-1	0	231.17	1	0.954327	0	0	83183100.0	158176000.0	glycylvaline_Butyraldehyde (known isomers: 0; isobaric peaks in run: 3) [M+H]+	GNPS-ALKYLAMINES-LIBRARY	temp/spectra_filtered.mgf672	-1	GNPS-ALKYLAMINES-LIBRARY.mgf	2.11222				6	0	0.000488281	231.17	0	CCMSLIB00016343457
390	spectra_filtered.mgf	*..*		:6168	6168	-1	0	203.138	1	0.9542	0	0	818636000.0	29555100.0	Leu-ala - 40.0 eV M+H	BIRMINGHAM-UHPLC-MS-POS	temp/spectra_filtered.mgf390	-1	BIRMINGHAM-UHPLC-MS-POS.mgf	5.48342				6	0	0.00111389	203.139	0	CCMSLIB00006123114
1345	spectra_filtered.mgf	*..*		:1530	1299	-1	0	229.155	1	0.953936	0	0	2007680.0	10242300.0	Spectral Match to Pro-Leu from NIST14 M+H	GNPS-NIST14-MATCHES	temp/spectra_filtered.mgf1345	-1	GNPS-NIST14-MATCHES.mgf	1.19857				7	0	0.000274658	229.155	0	CCMSLIB00003135785
597	spectra_filtered.mgf	*..*		:226	3117	-1	0	281.149	1	0.953693	0	0	403412.0	12799100.0	Spectral Match to Tyr-Val from NIST14 M+H	GNPS-NIST14-MATCHES	temp/spectra_filtered.mgf597	-1	GNPS-NIST14-MATCHES.mgf	2.82219				8	0	0.000793457	281.15	0	CCMSLIB00003137604
792	spectra_filtered.mgf	*..*		:500	531	-1	0	267.134	1	0.953116	0	0	6789540.0	14905000.0	Spectral Match to Thr-Phe from NIST14 M+H	GNPS-NIST14-MATCHES	temp/spectra_filtered.mgf792	-1	GNPS-NIST14-MATCHES.mgf	0.456963				9	0	0.00012207	267.134	0	CCMSLIB00003135017
550	spectra_filtered.mgf	*..*		:265	3993	-1	0	249.126	1	0.952432	0	0	15810500.0	4626170.0	Spectral Match to Val-Met from NIST14 M+H	GNPS-NIST14-MATCHES	temp/spectra_filtered.mgf550	-1	GNPS-NIST14-MATCHES.mgf	165.067				8	0	0.0411224	249.085	0	CCMSLIB00003138480
227	spectra_filtered.mgf	*..*		:1941	10236	-1	0	182.081	1	0.951106	0	0	3883160.0	119401000.0	Tyrosine - 50.00 eV M+H	GNPS-LIBRARY	temp/spectra_filtered.mgf227	-1	GNPS-LIBRARY.mgf	1.42464				6	0	0.000259399	182.081	0	CCMSLIB00005885094
782	spectra_filtered.mgf	*..*		:1365	1365	-1	0	236.164	1	0.951046	0	0	169797000.0	23346500.0	Phenylalanine_2-Pentanone (known isomers: 0; isobaric peaks in run: 1) [M+H]+	GNPS-ALKYLAMINES-LIBRARY	temp/spectra_filtered.mgf782	-1	GNPS-ALKYLAMINES-LIBRARY.mgf	4062.74				6	0	0.959473	237.123	0	CCMSLIB00016344392
594	spectra_filtered.mgf	*..*		:984	2156	-1	0	196.12	1	0.950479	0	0	2948550.0	4657660.0	Spectral Match to Phe-Pro-Lys from NIST14 M+2H	GNPS-NIST14-MATCHES	temp/spectra_filtered.mgf594	-1	GNPS-NIST14-MATCHES.mgf	4.27918				11	0	0.000839233	196.121	0	CCMSLIB00003136643
1505	spectra_filtered.mgf	*..*		:87189	87189	-1	0	284.139	1	0.950174	0	0	135.789	8076040.0	NSC351976 [M+H]+	MSNLIB-POSITIVE	temp/spectra_filtered.mgf1505	-1	MSNLIB-POSITIVE.mgf	2.04067				7	0	0.000579834	284.14	0	CCMSLIB00012438441
943	spectra_filtered.mgf	*..*		:2	465	-1	0	197.129	1	0.949887	0	0	561376.0	175475000.0	cyclo(L-Val-L-Pro) M+H	GNPS-LIBRARY	temp/spectra_filtered.mgf943	-1	GNPS-LIBRARY.mgf	1.93513				9	0	0.00038147	197.129	0	CCMSLIB00000007146
281	spectra_filtered.mgf	*..*		:430	430	-1	0	231.17	1	0.949404	0	0	83183100.0	12571700.0	glycylvaline_Butyraldehyde (known isomers: 0; isobaric peaks in run: 3) [M+H]+	GNPS-ALKYLAMINES-LIBRARY	temp/spectra_filtered.mgf281	-1	GNPS-ALKYLAMINES-LIBRARY.mgf	8563.72				6	0	1.97968	233.15	0	CCMSLIB00016343457
590	spectra_filtered.mgf	*..*		:40117	52116	-1	0	220.118	1	0.949197	0	0	1445390.0	2853860.0	Massbank:LU087003 Pantothenate|Pantothenic acid|3-[[(2R)-2,4-dihydroxy-3,3-dimethylbutanoyl]amino]propanoic acid M+H	MASSBANK	temp/spectra_filtered.mgf590	-1	MASSBANK.mgf	1.94099				10	0	0.000427246	220.118	0	CCMSLIB00005765668
352	spectra_filtered.mgf	*..*		:596	5419	-1	0	355.199	1	0.948653	0	0	12688200.0	2267710.0	Spectral Match to PyroGlu-Pro-Lys from NIST14 M+H	GNPS-NIST14-MATCHES	temp/spectra_filtered.mgf352	-1	GNPS-NIST14-MATCHES.mgf	4.20993				10	0	0.00149536	355.198	0	CCMSLIB00003139906
72	spectra_filtered.mgf	*..*		:30770	107721	-1	0	270.044	1	0.948581	0	0	105.226	3201650.0	2-{4-[(prop-2-en-1-yl)sulfamoyl]phenoxy}acetic acid [M-H]-	MSNLIB-NEGATIVE	temp/spectra_filtered.mgf72	-1	MSNLIB-NEGATIVE.mgf	7113.05				6	0	1.92084	271.965	0	CCMSLIB00012789392
98	spectra_filtered.mgf	*..*		:362	362	-1	0	166.053	1	0.947988	0	0	187.732	8950130.0	d-methionine sulfoxide M+H	MCE-DRUG	temp/spectra_filtered.mgf98	-1	MCE-DRUG.mgf	1.83782				6	0	0.000305176	166.053	0	CCMSLIB00010130086
857	spectra_filtered.mgf	*..*		:413	5093	-1	0	231.17	1	0.947977	0	0	2154800.0	31847800.0	Spectral Match to Val-Leu from NIST14 M+H	GNPS-NIST14-MATCHES	temp/spectra_filtered.mgf857	-1	GNPS-NIST14-MATCHES.mgf	2.11222				6	0	0.000488281	231.17	0	CCMSLIB00003139580
2042	spectra_filtered.mgf	*..*		:1923	1923	-1	0	320.222	1	0.947764	0	0	25994900.0	1275900.0	Candidate Phenylalanine-C10:0 (delta mass:154.1359) M+H	GNPS-N-ACYL-LIPIDS-MASSQL	temp/spectra_filtered.mgf2042	-1	GNPS-N-ACYL-LIPIDS-MASSQL.mgf	105.594				8	0	0.0338135	320.256	0	CCMSLIB00016340328
1431	spectra_filtered.mgf	*..*		:4012	3262	-1	0	245.129	1	0.94746	0	0	486541.0	64891300.0	Spectral Match to Phe-Pro from NIST14 M+H-H2O	GNPS-NIST14-MATCHES	temp/spectra_filtered.mgf1431	-1	GNPS-NIST14-MATCHES.mgf	1.92969				7	0	0.000473022	245.129	0	CCMSLIB00003137749
432	spectra_filtered.mgf	*..*		:562	2180	-1	0	217.155	1	0.947267	0	0	851372.0	14572300.0	Spectral Match to Val-Val from NIST14 M+H	GNPS-NIST14-MATCHES	temp/spectra_filtered.mgf432	-1	GNPS-NIST14-MATCHES.mgf	0.983735				6	0	0.000213623	217.155	0	CCMSLIB00003136667
1182	spectra_filtered.mgf	*..*		:1530	1299	-1	0	229.155	1	0.946756	0	0	2007680.0	21769400.0	Spectral Match to Pro-Leu from NIST14 M+H	GNPS-NIST14-MATCHES	temp/spectra_filtered.mgf1182	-1	GNPS-NIST14-MATCHES.mgf	2.39714				6	0	0.000549316	229.154	0	CCMSLIB00003135785
319	spectra_filtered.mgf	*..*		:375	3413	-1	0	263.142	1	0.946494	0	0	1654550.0	49126700.0	Spectral Match to Ile-Met from NIST14 M+H	GNPS-NIST14-MATCHES	temp/spectra_filtered.mgf319	-1	GNPS-NIST14-MATCHES.mgf	7590.49				6	0	1.99738	261.145	0	CCMSLIB00003137900
1219	spectra_filtered.mgf	*..*		:1265	3495	-1	0	279.17	1	0.946132	0	0	2768330.0	16215300.0	Spectral Match to Leu-Phe from NIST14 M+H	GNPS-NIST14-MATCHES	temp/spectra_filtered.mgf1219	-1	GNPS-NIST14-MATCHES.mgf	3.27946				7	0	0.000915527	279.169	0	CCMSLIB00003137982
973	spectra_filtered.mgf	*..*		:786	1408	-1	0	295.165	1	0.945131	0	0	26531500.0	11514000.0	Spectral Match to Tyr-Leu from NIST14 M+H	GNPS-NIST14-MATCHES	temp/spectra_filtered.mgf973	-1	GNPS-NIST14-MATCHES.mgf	1.75766				10	0	0.000518799	295.166	0	CCMSLIB00003135895
885	spectra_filtered.mgf	*..*		:786	1408	-1	0	295.165	1	0.944525	0	0	26531500.0	10890900.0	Spectral Match to Tyr-Leu from NIST14 M+H	GNPS-NIST14-MATCHES	temp/spectra_filtered.mgf885	-1	GNPS-NIST14-MATCHES.mgf	0.930524				10	0	0.000274658	295.165	0	CCMSLIB00003135895
117	spectra_filtered.mgf	*..*		:971	50212	-1	0	258.11	1	0.943696	0	0	130.4	18917100.0	SN-GLYCERO-3-PHOSPHOCHOLINE M+H	MONA	temp/spectra_filtered.mgf117	-1	MONA.mgf	135.734				6	0	0.0350342	258.145	0	CCMSLIB00006679241
247	spectra_filtered.mgf	*..*		:1111	3461	-1	0	245.181	1	0.943075	0	0	17329700.0	3276620.0	Spectral Match to Ile-Leu from NIST14 M+H	GNPS-NIST14-MATCHES	temp/spectra_filtered.mgf247	-1	GNPS-NIST14-MATCHES.mgf	7944.89				6	0	1.94794	247.129	0	CCMSLIB00003137948
241	spectra_filtered.mgf	*..*		:195	2181	-1	0	205.118	1	0.942934	0	0	26988800.0	12654000.0	Spectral Match to Ser-Val from NIST14 M+H	GNPS-NIST14-MATCHES	temp/spectra_filtered.mgf241	-1	GNPS-NIST14-MATCHES.mgf	2.52927				6	0	0.000518799	205.119	0	CCMSLIB00003136668
171	spectra_filtered.mgf	*..*		:106234	206673	-1	0	366.061	1	0.942395	0	0	111.179	1811460.0	fludarabine phosphate [M+H]+	MSNLIB-POSITIVE	temp/spectra_filtered.mgf171	-1	MSNLIB-POSITIVE.mgf	5452.07				7	0	1.99579	364.065	0	CCMSLIB00013064756
229	spectra_filtered.mgf	*..*		:257	457	-1	0	165.054	1	0.942081	0	0	8434620.0	44964200.0	p-Coumaric acid (known structural isomers: 0; isobaric peaks in run: 4) [M+H]+	CMMC-FOOD-BIOMARKERS	temp/spectra_filtered.mgf229	-1	CMMC-FOOD-BIOMARKERS.mgf	4.25257				6	0	0.000701904	165.055	0	CCMSLIB00013576669
1437	spectra_filtered.mgf	*..*		:1530	1299	-1	0	229.155	1	0.941951	0	0	2007680.0	4261030.0	Spectral Match to Pro-Leu from NIST14 M+H	GNPS-NIST14-MATCHES	temp/spectra_filtered.mgf1437	-1	GNPS-NIST14-MATCHES.mgf	1.13198				6	0	0.000259399	229.155	0	CCMSLIB00003135785
2065	spectra_filtered.mgf	*..*		:2715	4139	-1	0	279.159	0	0.941822	0	0	371031.0	995958.0	Spectral Match to Dibutyl phthalate from NIST14 M+H	GNPS-NIST14-MATCHES	temp/spectra_filtered.mgf2065	-1	GNPS-NIST14-MATCHES.mgf	77.289				6	0	0.0215759	279.181	0	CCMSLIB00003138626
1081	spectra_filtered.mgf	*..*		:1293	1291	-1	0	185.0	1	0.940497	0	0	96.0	7046400.0	ReSpect:PM014403 Cyclo(Ala-Leu) M+H	RESPECT	temp/spectra_filtered.mgf1081	-1	RESPECT.mgf	695.388				6	0	0.128647	185.129	0	CCMSLIB00000211282
1369	spectra_filtered.mgf	*..*		:1084	1906	-1	0	313.155	1	0.940166	0	0	15164100.0	6766100.0	Spectral Match to Phe-Phe from NIST14 M+H	GNPS-NIST14-MATCHES	temp/spectra_filtered.mgf1369	-1	GNPS-NIST14-MATCHES.mgf	0.779616				6	0	0.000244141	313.155	0	CCMSLIB00003136393
1353	spectra_filtered.mgf	*..*		:5	455	-1	0	245.128	1	0.939581	0	0	49071.1	39463500.0	cyclo(L-Phe-D-Pro) M+H	GNPS-LIBRARY	temp/spectra_filtered.mgf1353	-1	GNPS-LIBRARY.mgf	1.9297				8	0	0.000473022	245.128	0	CCMSLIB00000007136
131	spectra_filtered.mgf	*..*		:92	3247	-1	0	260.197	1	0.938732	0	0	1188580.0	3824130.0	Spectral Match to Ile-Lys from NIST14 M+H	GNPS-NIST14-MATCHES	temp/spectra_filtered.mgf131	-1	GNPS-NIST14-MATCHES.mgf	0.117286				8	0	3.05176e-05	260.197	0	CCMSLIB00003137734
1631	spectra_filtered.mgf	*..*		:1530	1299	-1	0	229.155	1	0.938324	0	0	2007680.0	11296400.0	Spectral Match to Pro-Leu from NIST14 M+H	GNPS-NIST14-MATCHES	temp/spectra_filtered.mgf1631	-1	GNPS-NIST14-MATCHES.mgf	0.332936				6	0	7.62939e-05	229.155	0	CCMSLIB00003135785
153	spectra_filtered.mgf	*..*		:110	3616	-1	0	288.197	1	0.937537	0	0	1660050.0	2890580.0	Spectral Match to Ile-Arg from NIST14 M+H	GNPS-NIST14-MATCHES	temp/spectra_filtered.mgf153	-1	GNPS-NIST14-MATCHES.mgf	20.8606				10	0	0.00601196	288.203	0	CCMSLIB00003138103
210	spectra_filtered.mgf	*..*		:156	1411	-1	0	227.103	1	0.936602	0	0	4851150.0	1398730.0	Spectral Match to PyroGlu-Pro from NIST14 M+H	GNPS-NIST14-MATCHES	temp/spectra_filtered.mgf210	-1	GNPS-NIST14-MATCHES.mgf	1.41097				6	0	0.000320435	227.103	0	CCMSLIB00003135898
1301	spectra_filtered.mgf	*..*		:13533	25532	-1	0	211.144	1	0.93532	0	0	3560.0	58387600.0	Massbank:PR311142 Cyclo(leucylprolyl) M+H	MASSBANK	temp/spectra_filtered.mgf1301	-1	MASSBANK.mgf	0.794939				9	0	0.000167847	211.144	0	CCMSLIB00005739084
2083	spectra_filtered.mgf	*..*		:4684	5620	-1	0	283.26	1	0.933194	0	0	2285130.0	3763900.0	Spectral Match to 3-Hydroxyoctadecanoic Acid from NIST14 M+H-H2O	GNPS-NIST14-MATCHES	temp/spectra_filtered.mgf2083	-1	GNPS-NIST14-MATCHES.mgf	3462.67				11	0	0.980835	282.279	0	CCMSLIB00003140107
1020	spectra_filtered.mgf	*..*		:1292	1290	-1	0	185.0	1	0.932104	0	0	106.0	14667900.0	ReSpect:PM014402 Cyclo(Ala-Ile) M+H	RESPECT	temp/spectra_filtered.mgf1020	-1	RESPECT.mgf	694.234				6	0	0.128433	185.128	0	CCMSLIB00000211280
347	spectra_filtered.mgf	*..*		:6168	6168	-1	0	203.138	1	0.931462	0	0	818636000.0	42768100.0	Leu-ala - 40.0 eV M+H	BIRMINGHAM-UHPLC-MS-POS	temp/spectra_filtered.mgf347	-1	BIRMINGHAM-UHPLC-MS-POS.mgf	277.777				6	0	0.056427	203.082	0	CCMSLIB00006123114
371	spectra_filtered.mgf	*..*		:227	1692	-1	0	239.102	1	0.930555	0	0	6324430.0	5406200.0	Spectral Match to Gly-Tyr from NIST14 M+H	GNPS-NIST14-MATCHES	temp/spectra_filtered.mgf371	-1	GNPS-NIST14-MATCHES.mgf	2.93559				6	0	0.000701904	239.103	0	CCMSLIB00003136179
400	spectra_filtered.mgf	*..*		:1941	10236	-1	0	182.081	0	0.930093	0	0	3883160.0	4321330.0	Tyrosine - 50.00 eV M+H	GNPS-LIBRARY	temp/spectra_filtered.mgf400	-1	GNPS-LIBRARY.mgf	1.75985				6	0	0.000320435	182.081	0	CCMSLIB00005885094
357	spectra_filtered.mgf	*..*		:178	290	-1	0	261.148	1	0.929825	0	0	39964.0	73249100.0	Spectral Match to Ile-Glu from NIST14 M+H	GNPS-NIST14-MATCHES	temp/spectra_filtered.mgf357	-1	GNPS-NIST14-MATCHES.mgf	13.322				8	0	0.003479	261.145	0	CCMSLIB00003134776
170	spectra_filtered.mgf	*..*		:2428	53552	-1	0	150.058	1	0.929537	0	0	289.0	183243000.0	METHIONINE M+H	MONA	temp/spectra_filtered.mgf170	-1	MONA.mgf	2.74552				6	0	0.000411987	150.058	0	CCMSLIB00006682581
2094	spectra_filtered.mgf	*..*		:4508	4130	-1	0	531.406	1	0.929278	0	0	1898880.0	1191730.0	Spectral Match to Didodecyl 3,3'-thiodipropionate oxide from NIST14 M+H	GNPS-NIST14-MATCHES	temp/spectra_filtered.mgf2094	-1	GNPS-NIST14-MATCHES.mgf	4.36453				9	0	0.00231934	531.408	0	CCMSLIB00003138617
747	spectra_filtered.mgf	*..*		:964	964	-1	0	222.112	1	0.927348	0	0	2350530.0	30604400.0	Candidate Phenylalanine-C3:0 (delta mass:56.0261) M+H	GNPS-N-ACYL-LIPIDS-MASSQL	temp/spectra_filtered.mgf747	-1	GNPS-N-ACYL-LIPIDS-MASSQL.mgf	4482.17				6	0	0.995544	223.108	0	CCMSLIB00016339369
356	spectra_filtered.mgf	*..*		:6168	6168	-1	0	203.138	1	0.927322	0	0	818636000.0	41701900.0	Leu-ala - 40.0 eV M+H	BIRMINGHAM-UHPLC-MS-POS	temp/spectra_filtered.mgf356	-1	BIRMINGHAM-UHPLC-MS-POS.mgf	5.63365				6	0	0.00114441	203.139	0	CCMSLIB00006123114
220	spectra_filtered.mgf	*..*		:92	3247	-1	0	260.197	1	0.925663	0	0	1188580.0	47582900.0	Spectral Match to Ile-Lys from NIST14 M+H	GNPS-NIST14-MATCHES	temp/spectra_filtered.mgf220	-1	GNPS-NIST14-MATCHES.mgf	0.117286				9	0	3.05176e-05	260.197	0	CCMSLIB00003137734
573	spectra_filtered.mgf	*..*		:322	3266	-1	0	247.128	1	0.924643	0	0	853156.0	21085400.0	Spectral Match to Asp-Leu from NIST14 M+H	GNPS-NIST14-MATCHES	temp/spectra_filtered.mgf573	-1	GNPS-NIST14-MATCHES.mgf	5.18654				9	0	0.00128174	247.129	0	CCMSLIB00003137753
713	spectra_filtered.mgf	*..*		:926	638	-1	0	229.155	1	0.922985	0	0	521294.0	127647000.0	Spectral Match to Pro-Ile from NIST14 M+H	GNPS-NIST14-MATCHES	temp/spectra_filtered.mgf713	-1	GNPS-NIST14-MATCHES.mgf	158.877				7	0	0.0364075	229.119	0	CCMSLIB00003135124
266	spectra_filtered.mgf	*..*		:92	3247	-1	0	260.197	1	0.920119	0	0	1188580.0	27396100.0	Spectral Match to Ile-Lys from NIST14 M+H	GNPS-NIST14-MATCHES	temp/spectra_filtered.mgf266	-1	GNPS-NIST14-MATCHES.mgf	0.234573				8	0	6.10352e-05	260.197	0	CCMSLIB00003137734
282	spectra_filtered.mgf	*..*		:341	5139	-1	0	229.118	1	0.919181	0	0	7119130.0	19681100.0	Spectral Match to PyroGlu-Val from NIST14 M+H	GNPS-NIST14-MATCHES	temp/spectra_filtered.mgf282	-1	GNPS-NIST14-MATCHES.mgf	1.73155				7	0	0.000396729	229.118	0	CCMSLIB00003139626
493	spectra_filtered.mgf	*..*		:784	4974	-1	0	322.187	1	0.918088	0	0	1384180.0	1407750.0	Spectral Match to Arg-Phe from NIST14 M+H	GNPS-NIST14-MATCHES	temp/spectra_filtered.mgf493	-1	GNPS-NIST14-MATCHES.mgf	1.8944				12	0	0.000610352	322.186	0	CCMSLIB00003139461
595	spectra_filtered.mgf	*..*		:1050	2627	-1	0	391.234	1	0.917145	0	0	23977300.0	2621900.0	Spectral Match to Phe-Pro-Lys from NIST14 M+H	GNPS-NIST14-MATCHES	temp/spectra_filtered.mgf595	-1	GNPS-NIST14-MATCHES.mgf	0.312014				13	0	0.00012207	391.234	0	CCMSLIB00003137114
219	spectra_filtered.mgf	*..*		:483	366	-1	0	269.16	1	0.916643	0	0	1659290.0	38743300.0	Spectral Match to His-Ile from NIST14 M+H	GNPS-NIST14-MATCHES	temp/spectra_filtered.mgf219	-1	GNPS-NIST14-MATCHES.mgf	2.9479				9	0	0.000793457	269.161	0	CCMSLIB00003134852
120	spectra_filtered.mgf	*..*		:54	1136	-1	0	315.202	1	0.916142	0	0	2635180.0	3401830.0	Spectral Match to Ala-Pro-Lys from NIST14 M+H	GNPS-NIST14-MATCHES	temp/spectra_filtered.mgf120	-1	GNPS-NIST14-MATCHES.mgf	2.32366				12	0	0.000732422	315.203	0	CCMSLIB00003135622
1337	spectra_filtered.mgf	*..*		:1530	1299	-1	0	229.155	1	0.915696	0	0	2007680.0	8739820.0	Spectral Match to Pro-Leu from NIST14 M+H	GNPS-NIST14-MATCHES	temp/spectra_filtered.mgf1337	-1	GNPS-NIST14-MATCHES.mgf	4183.87				6	0	0.958755	230.114	0	CCMSLIB00003135785
1731	spectra_filtered.mgf	*..*		:1914	310	-1	0	157.076	1	0.915094	0	0	4921270.0	264107.0	indole-3-acetonitrile CollisionEnergy:102040 M+H	BERKELEY-LAB	temp/spectra_filtered.mgf1731	-1	BERKELEY-LAB.mgf	0.0971427				6	0	1.52588e-05	157.076	0	CCMSLIB00010102297
809	spectra_filtered.mgf	*..*		:452	4851	-1	0	261.09	1	0.913971	0	0	2867010.0	30166000.0	Spectral Match to PyroGlu-Met from NIST14 M+H	GNPS-NIST14-MATCHES	temp/spectra_filtered.mgf809	-1	GNPS-NIST14-MATCHES.mgf	2.68836				8	0	0.000701904	261.091	0	CCMSLIB00003139338
275	spectra_filtered.mgf	*..*		:148	876	-1	0	247.132	1	0.913666	0	0	23651.0	22938000.0	Spectral Match to Glu-Val from NIST14 M+H	GNPS-NIST14-MATCHES	temp/spectra_filtered.mgf275	-1	GNPS-NIST14-MATCHES.mgf	12.4722				9	0	0.00308228	247.129	0	CCMSLIB00003135362
193	spectra_filtered.mgf	*..*		:152	4990	-1	0	246.144	1	0.913336	0	0	3402090.0	45234200.0	Spectral Match to Ile-Asn from NIST14 M+H	GNPS-NIST14-MATCHES	temp/spectra_filtered.mgf193	-1	GNPS-NIST14-MATCHES.mgf	3.47151				6	0	0.000854492	246.145	0	CCMSLIB00003139477
2084	spectra_filtered.mgf	*..*		:4684	5620	-1	0	283.26	1	0.911002	0	0	2285130.0	299213.0	Spectral Match to 3-Hydroxyoctadecanoic Acid from NIST14 M+H-H2O	GNPS-NIST14-MATCHES	temp/spectra_filtered.mgf2084	-1	GNPS-NIST14-MATCHES.mgf	3462.67				10	0	0.980835	282.279	0	CCMSLIB00003140107
673	spectra_filtered.mgf	*..*		:351	2242	-1	0	461.334	1	0.910022	0	0	12715600.0	5896590.0	Spectral Match to Leu-Val from NIST14 2M+H	GNPS-NIST14-MATCHES	temp/spectra_filtered.mgf673	-1	GNPS-NIST14-MATCHES.mgf	0.859959				8	0	0.000396729	461.334	0	CCMSLIB00003136729
638	spectra_filtered.mgf	*..*		:322	3266	-1	0	247.128	1	0.908426	0	0	853156.0	11843300.0	Spectral Match to Asp-Leu from NIST14 M+H	GNPS-NIST14-MATCHES	temp/spectra_filtered.mgf638	-1	GNPS-NIST14-MATCHES.mgf	3.58118				9	0	0.00088501	247.129	0	CCMSLIB00003137753
539	spectra_filtered.mgf	*..*		:860	3002	-1	0	297.126	1	0.908154	0	0	18435400.0	7521480.0	Spectral Match to Phe-Met from NIST14 M+H	GNPS-NIST14-MATCHES	temp/spectra_filtered.mgf539	-1	GNPS-NIST14-MATCHES.mgf	6718.72				7	0	1.99631	295.13	0	CCMSLIB00003137489
265	spectra_filtered.mgf	*..*		:193	5579	-1	0	288.202	1	0.907441	0	0	5389980.0	2673080.0	Spectral Match to Arg-Ile from NIST14 M+H	GNPS-NIST14-MATCHES	temp/spectra_filtered.mgf265	-1	GNPS-NIST14-MATCHES.mgf	3.38847				12	0	0.000976562	288.203	0	CCMSLIB00003140066
1454	spectra_filtered.mgf	*..*		:1530	1299	-1	0	229.155	1	0.906565	0	0	2007680.0	8498210.0	Spectral Match to Pro-Leu from NIST14 M+H	GNPS-NIST14-MATCHES	temp/spectra_filtered.mgf1454	-1	GNPS-NIST14-MATCHES.mgf	4183.54				6	0	0.958679	230.114	0	CCMSLIB00003135785
873	spectra_filtered.mgf	*..*		:1811	5068	-1	0	263.138	1	0.906435	0	0	2502120.0	26031600.0	Spectral Match to Pro-Phe from NIST14 M+H	GNPS-NIST14-MATCHES	temp/spectra_filtered.mgf873	-1	GNPS-NIST14-MATCHES.mgf	3.47927				6	0	0.000915527	263.139	0	CCMSLIB00003139555
47	spectra_filtered.mgf	*..*		:16566	16566	-1	0	214.935	1	0.905935	0	0	121.801	18565300.0	4-Bromo-3-hydroxybenzoic acid [M-H]-	MSNLIB-NEGATIVE	temp/spectra_filtered.mgf47	-1	MSNLIB-NEGATIVE.mgf	9248.13				6	0	1.98775	216.923	0	CCMSLIB00012314506
716	spectra_filtered.mgf	*..*		:845	4895	-1	0	229.155	1	0.904465	0	0	533371.0	80012100.0	Spectral Match to Pro-Leu from NIST14 M+H	GNPS-NIST14-MATCHES	temp/spectra_filtered.mgf716	-1	GNPS-NIST14-MATCHES.mgf	1.0654				7	0	0.000244141	229.155	0	CCMSLIB00003139382
532	spectra_filtered.mgf	*..*		:2851	1689	-1	0	215.139	1	0.903749	0	0	1441940.0	7942120.0	Spectral Match to Pro-Val from NIST14 M+H	GNPS-NIST14-MATCHES	temp/spectra_filtered.mgf532	-1	GNPS-NIST14-MATCHES.mgf	1.41851				6	0	0.000305176	215.139	0	CCMSLIB00003136176
243	spectra_filtered.mgf	*..*		:92	3247	-1	0	260.197	1	0.903213	0	0	1188580.0	44616300.0	Spectral Match to Ile-Lys from NIST14 M+H	GNPS-NIST14-MATCHES	temp/spectra_filtered.mgf243	-1	GNPS-NIST14-MATCHES.mgf	139.336				9	0	0.0362549	260.161	0	CCMSLIB00003137734
1228	spectra_filtered.mgf	*..*		:1301	1299	-1	0	211.0	1	0.90185	0	0	60.0	105212000.0	ReSpect:PM014411 Cyclo(Pro-Ile) [M+H]	RESPECT	temp/spectra_filtered.mgf1228	-1	RESPECT.mgf	683.391				7	0	0.144196	211.144	0	CCMSLIB00000211297
612	spectra_filtered.mgf	*..*		:1349	1349	-1	0	202.179	1	0.901795	0	0	58220300.0	10568700.0	Isoleucine_2-Pentanone (known isomers: 0; isobaric peaks in run: 1) [M+H]+	GNPS-ALKYLAMINES-LIBRARY	temp/spectra_filtered.mgf612	-1	GNPS-ALKYLAMINES-LIBRARY.mgf	4749.66				8	0	0.960281	203.139	0	CCMSLIB00016344376
514	spectra_filtered.mgf	*..*		:641	1358	-1	0	254.15	1	0.899278	0	0	216748000.0	98620200.0	His-C6:0 M+H	ECG-ACYL-AMIDES-C4-C24-LIBRARY	temp/spectra_filtered.mgf514	-1	ECG-ACYL-AMIDES-C4-C24-LIBRARY.mgf	4014.42				6	0	1.02026	253.13	0	CCMSLIB00011434800
177	spectra_filtered.mgf	*..*		:10382	10382	-1	0	175.12	1	0.898526	0	0	17916.1	21028200.0	Massbank:PB000420 Arginine|2-amino-5-(diaminomethylideneamino)pentanoic acid [M+H]+	MASSBANK	temp/spectra_filtered.mgf177	-1	MASSBANK.mgf	69.4453				6	0	0.0121613	175.108	0	CCMSLIB00000221715
2000	spectra_filtered.mgf	*..*		:27596	48577	-1	0	288.121	0	0.896294	0	0	304.828	96506.5	ANISOMYCIN [M+Na]+	MONA	temp/spectra_filtered.mgf2000	-1	MONA.mgf	585.31				7	0	0.16864	288.29	0	CCMSLIB00004721177
102	spectra_filtered.mgf	*..*		:641	1358	-1	0	254.15	1	0.894799	0	0	216748000.0	6508670.0	His-C6:0 M+H	ECG-ACYL-AMIDES-C4-C24-LIBRARY	temp/spectra_filtered.mgf102	-1	ECG-ACYL-AMIDES-C4-C24-LIBRARY.mgf	4015.14				6	0	1.02045	253.13	0	CCMSLIB00011434800
296	spectra_filtered.mgf	*..*		:193	5579	-1	0	288.202	1	0.894111	0	0	5389980.0	1849710.0	Spectral Match to Arg-Ile from NIST14 M+H	GNPS-NIST14-MATCHES	temp/spectra_filtered.mgf296	-1	GNPS-NIST14-MATCHES.mgf	3.28258				12	0	0.000946045	288.203	0	CCMSLIB00003140066
621	spectra_filtered.mgf	*..*		:926	638	-1	0	229.155	1	0.89404	0	0	521294.0	56255400.0	Spectral Match to Pro-Ile from NIST14 M+H	GNPS-NIST14-MATCHES	temp/spectra_filtered.mgf621	-1	GNPS-NIST14-MATCHES.mgf	1.26516				6	0	0.000289917	229.155	0	CCMSLIB00003135124
269	spectra_filtered.mgf	*..*		:193	4569	-1	0	175.108	1	0.892214	0	0	18770200.0	25325600.0	Spectral Match to Gly-Val from NIST14 M+H	GNPS-NIST14-MATCHES	temp/spectra_filtered.mgf269	-1	GNPS-NIST14-MATCHES.mgf	1.13281				7	0	0.000198364	175.108	0	CCMSLIB00003139056
113	spectra_filtered.mgf	*..*		:8783	8783	-1	0	277.0	1	0.891253	0	0	28217900.0	3024810.0	Massbank:KO002981 Glu-Glu [M+H]+	MASSBANK	temp/spectra_filtered.mgf113	-1	MASSBANK.mgf	372.381				8	0	0.103149	277.103	0	CCMSLIB00000218472
699	spectra_filtered.mgf	*..*		:926	638	-1	0	229.155	1	0.890756	0	0	521294.0	13368200.0	Spectral Match to Pro-Ile from NIST14 M+H	GNPS-NIST14-MATCHES	temp/spectra_filtered.mgf699	-1	GNPS-NIST14-MATCHES.mgf	4183.01				6	0	0.958557	230.114	0	CCMSLIB00003135124
1545	spectra_filtered.mgf	*..*		:675	1385	-1	0	231.17	1	0.889309	0	0	117328000.0	902316.0	Ornithine-C6:0 M+H	ECG-ACYL-AMIDES-C4-C24-LIBRARY	temp/spectra_filtered.mgf1545	-1	ECG-ACYL-AMIDES-C4-C24-LIBRARY.mgf	4570.11				6	0	1.05647	230.114	0	CCMSLIB00011434827
64	spectra_filtered.mgf	*..*		:1852	1852	-1	0	291.181	1	0.889045	0	0	410457000.0	9651820.0	Arginine_Trans-cinnamaldehyde (known isomers: 1; isobaric peaks in run: 0) [M+H]+	GNPS-ALKYLAMINES-LIBRARY	temp/spectra_filtered.mgf64	-1	GNPS-ALKYLAMINES-LIBRARY.mgf	3492.14				8	0	1.01685	292.198	0	CCMSLIB00016344879
631	spectra_filtered.mgf	*..*		:705	5432	-1	0	357.249	1	0.888991	0	0	4657860.0	106277000.0	Spectral Match to Leu-Pro-Lys from NIST14 M+H	GNPS-NIST14-MATCHES	temp/spectra_filtered.mgf631	-1	GNPS-NIST14-MATCHES.mgf	99.8605				10	0	0.035675	357.213	0	CCMSLIB00003139919
858	spectra_filtered.mgf	*..*		:1202	1852	-1	0	188.072	1	0.888929	0	0	4761830.0	7278070.0	ethyl_indole_3_carboxylic_acid M-H	GNPS-NUTRI-METAB-FEM-NEG	temp/spectra_filtered.mgf858	-1	GNPS-NUTRI-METAB-FEM-NEG.mgf	10517.1				7	0	1.97797	190.05	0	CCMSLIB00006677617
2039	spectra_filtered.mgf	*..*		:3119	918	-1	0	265.216	1	0.887451	0	0	1253890.0	764032.0	Spectral Match to 12(S)-Hydroxy-16-heptadecynoic acid from NIST14 M+H-H2O	GNPS-NIST14-MATCHES	temp/spectra_filtered.mgf2039	-1	GNPS-NIST14-MATCHES.mgf	7461.74				7	0	1.97897	263.237	0	CCMSLIB00003135404
144	spectra_filtered.mgf	*..*		:641	1358	-1	0	254.15	1	0.886786	0	0	216748000.0	3222720.0	His-C6:0 M+H	ECG-ACYL-AMIDES-C4-C24-LIBRARY	temp/spectra_filtered.mgf144	-1	ECG-ACYL-AMIDES-C4-C24-LIBRARY.mgf	4211.52				7	0	1.07036	253.08	0	CCMSLIB00011434800
450	spectra_filtered.mgf	*..*		:7770	108209	-1	0	281.105	1	0.886677	0	0	134.768	7897290.0	Z27754093 [M+H]+	MSNLIB-POSITIVE	temp/spectra_filtered.mgf450	-1	MSNLIB-POSITIVE.mgf	7011.75				6	0	1.97104	279.134	0	CCMSLIB00012750870
248	spectra_filtered.mgf	*..*		:1056	1449	-1	0	260.149	1	0.885992	0	0	46495000.0	6343730.0	Glu-C7:0 M+H	ECG-ACYL-AMIDES-C4-C24-LIBRARY	temp/spectra_filtered.mgf248	-1	ECG-ACYL-AMIDES-C4-C24-LIBRARY.mgf	4060.74				6	0	1.0564	259.093	0	CCMSLIB00011434892
719	spectra_filtered.mgf	*..*		:312	895	-1	0	280.129	1	0.885677	0	0	519168.0	5880400.0	Spectral Match to Asn-Phe from NIST14 M+H	GNPS-NIST14-MATCHES	temp/spectra_filtered.mgf719	-1	GNPS-NIST14-MATCHES.mgf	1.74306				12	0	0.000488281	280.129	0	CCMSLIB00003135381
1139	spectra_filtered.mgf	*..*		:85596	186035	-1	0	220.097	1	0.885666	0	0	115.138	3470600.0	56617-44-8 [M+H]+	MSNLIB-POSITIVE	temp/spectra_filtered.mgf1139	-1	MSNLIB-POSITIVE.mgf	4471.14				6	0	0.984085	219.113	0	CCMSLIB00012924168
34	spectra_filtered.mgf	*..*		:7544	7990	-1	0	499.139	1	0.875405	0	0	162823.0	6832590.0	2-{1-[(4-chlorophenyl)carbonyl]-5-methoxy-2-methylindol-3-yl}-N-[(4-methoxyphe nyl)methyl]acetamide CollisionEnergy:102040 M+Na	BERKELEY-LAB	temp/spectra_filtered.mgf34	-1	BERKELEY-LAB.mgf	475.917				7	0	0.237549	498.901	0	CCMSLIB00010109978
752	spectra_filtered.mgf	*..*		:406	2496	-1	0	409.187	1	0.872194	0	0	7173970.0	2867100.0	tryptophan 2M+H	GNPS-NUTRI-METAB-FEM-POS	temp/spectra_filtered.mgf752	-1	GNPS-NUTRI-METAB-FEM-POS.mgf	0.074581				6	0	3.05176e-05	409.187	0	CCMSLIB00006675448
2031	spectra_filtered.mgf	*..*		:3119	918	-1	0	265.216	1	0.870748	0	0	1253890.0	156294.0	Spectral Match to 12(S)-Hydroxy-16-heptadecynoic acid from NIST14 M+H-H2O	GNPS-NIST14-MATCHES	temp/spectra_filtered.mgf2031	-1	GNPS-NIST14-MATCHES.mgf	7461.74				6	0	1.97897	263.237	0	CCMSLIB00003135404
700	spectra_filtered.mgf	*..*		:922	413	-1	0	269.125	1	0.870363	0	0	1642610.0	7849970.0	Hypaphorine (known structural isomers: 0; isobaric peaks in run: 3) [M+Na]+	CMMC-FOOD-BIOMARKERS	temp/spectra_filtered.mgf700	-1	CMMC-FOOD-BIOMARKERS.mgf	3966.69				6	0	1.06754	270.193	0	CCMSLIB00013576603
1271	spectra_filtered.mgf	*..*		:1743	1743	-1	0	278.176	1	0.869138	0	0	10316200.0	33014900.0	Candidate Phenylalanine-C7:0 (delta mass:112.0901) M+H	GNPS-N-ACYL-LIPIDS-MASSQL	temp/spectra_filtered.mgf1271	-1	GNPS-N-ACYL-LIPIDS-MASSQL.mgf	3802.52				8	0	1.05777	277.118	0	CCMSLIB00016340148
397	spectra_filtered.mgf	*..*		:6603	11581	-1	0	295.114	1	0.867394	0	0	206274.0	5163440.0	Glutamate  2M+H	GNPS-LIBRARY	temp/spectra_filtered.mgf397	-1	GNPS-LIBRARY.mgf	3160.81				6	0	0.9328	294.181	0	CCMSLIB00009918992
2096	spectra_filtered.mgf	*..*		:1948	4809	-1	0	536.165	1	0.866946	0	0	422790.0	2544030.0	Contaminants septum vial Thermo C4000-53 and C4000-54 serie M+H	GNPS-LIBRARY	temp/spectra_filtered.mgf2096	-1	GNPS-LIBRARY.mgf	1.82138				14	0	0.000976562	536.166	0	CCMSLIB00005436264
542	spectra_filtered.mgf	*..*		:596	5419	-1	0	355.199	1	0.866894	0	0	12688200.0	13163100.0	Spectral Match to PyroGlu-Pro-Lys from NIST14 M+H	GNPS-NIST14-MATCHES	temp/spectra_filtered.mgf542	-1	GNPS-NIST14-MATCHES.mgf	2665.05				8	0	0.946625	356.146	0	CCMSLIB00003139906
2044	spectra_filtered.mgf	*..*		:16928	117367	-1	0	330.179	1	0.864842	0	0	365.592	292019.0	Z1517722710 [M+Na]+	MSNLIB-POSITIVE	temp/spectra_filtered.mgf2044	-1	MSNLIB-POSITIVE.mgf	477.11				6	0	0.157532	330.337	0	CCMSLIB00012766668
1153	spectra_filtered.mgf	*..*		:1159	1159	-1	0	244.19	1	0.864771	0	0	10173100.0	84646100.0	Candidate Leucine-C7:0 (delta mass:112.0885) M+H	GNPS-N-ACYL-LIPIDS-MASSQL	temp/spectra_filtered.mgf1153	-1	GNPS-N-ACYL-LIPIDS-MASSQL.mgf	4324.56				6	0	1.05602	243.134	0	CCMSLIB00016339564
1243	spectra_filtered.mgf	*..*		:6	3623	-1	0	652.4	1	0.863407	0	0	232403000.0	826803000.0	val-leu-pro-val-pro-gln M+H	GNPS-LIBRARY	temp/spectra_filtered.mgf1243	-1	GNPS-LIBRARY.mgf	5.70684				18	0	0.00372314	652.404	0	CCMSLIB00004679264
1330	spectra_filtered.mgf	*..*		:1823	5051	-1	0	318.179	1	0.859696	0	0	5534620.0	1512390.0	Spectral Match to Ile-Trp from NIST14 M+H	GNPS-NIST14-MATCHES	temp/spectra_filtered.mgf1330	-1	GNPS-NIST14-MATCHES.mgf	8.7281				10	0	0.0027771	318.182	0	CCMSLIB00003139538
372	spectra_filtered.mgf	*..*		:183	5563	-1	0	341.218	1	0.857673	0	0	1349690.0	15688300.0	Spectral Match to Pro-Pro-Lys from NIST14 M+H	GNPS-NIST14-MATCHES	temp/spectra_filtered.mgf372	-1	GNPS-NIST14-MATCHES.mgf	5802.15				8	0	1.9798	343.198	0	CCMSLIB00003140050
203	spectra_filtered.mgf	*..*		:753	4703	-1	0	341.219	1	0.85766	0	0	4211360.0	2593880.0	Spectral Match to Pro-Pro-Lys from NIST14 M+H	GNPS-NIST14-MATCHES	temp/spectra_filtered.mgf203	-1	GNPS-NIST14-MATCHES.mgf	108.576				10	0	0.0370483	341.182	0	CCMSLIB00003139190
1246	spectra_filtered.mgf	*..*		:6	3623	-1	0	652.4	1	0.854171	0	0	232403000.0	1502540000.0	val-leu-pro-val-pro-gln M+H	GNPS-LIBRARY	temp/spectra_filtered.mgf1246	-1	GNPS-LIBRARY.mgf	773.137				19	0	0.504395	652.904	0	CCMSLIB00004679264
10	spectra_filtered.mgf	*..*		:8783	8783	-1	0	277.0	1	0.852473	0	0	28217900.0	1978520.0	Massbank:KO002981 Glu-Glu [M+H]+	MASSBANK	temp/spectra_filtered.mgf10	-1	MASSBANK.mgf	3048.89				7	0	0.844543	276.155	0	CCMSLIB00000218472
135	spectra_filtered.mgf	*..*		:690	5239	-1	0	269.162	1	0.852006	0	0	484735.0	4741900.0	Spectral Match to Leu-His from NIST14 M+H	GNPS-NIST14-MATCHES	temp/spectra_filtered.mgf135	-1	GNPS-NIST14-MATCHES.mgf	4.42182				7	0	0.00119019	269.161	0	CCMSLIB00003139726
258	spectra_filtered.mgf	*..*		:209	5061	-1	0	373.281	1	0.851963	0	0	681354.0	4712330.0	Spectral Match to Ile-Ile-Lys from NIST14 M+H	GNPS-NIST14-MATCHES	temp/spectra_filtered.mgf258	-1	GNPS-NIST14-MATCHES.mgf	5204.69				8	0	1.94281	375.224	0	CCMSLIB00003139548
375	spectra_filtered.mgf	*..*		:1185	1185	-1	0	252.123	1	0.851437	0	0	1776890.0	3493260.0	Candidate Tyrosine-C4:0 (delta mass:70.0418) M+H	GNPS-N-ACYL-LIPIDS-MASSQL	temp/spectra_filtered.mgf375	-1	GNPS-N-ACYL-LIPIDS-MASSQL.mgf	3948.4				8	0	0.995483	253.118	0	CCMSLIB00016339590
2072	spectra_filtered.mgf	*..*		:3192	1670	-1	0	255.232	1	0.849741	0	0	243558.0	310455.0	Spectral Match to Palmitelaidic acid from NIST14 M+H	GNPS-NIST14-MATCHES	temp/spectra_filtered.mgf2072	-1	GNPS-NIST14-MATCHES.mgf	3855.95				9	0	0.984161	254.248	0	CCMSLIB00003136157
682	spectra_filtered.mgf	*..*		:1352	136	-1	0	380.291	1	0.848962	0	0	855562.0	6106610.0	His-C15:0 M+H	ECG-ACYL-AMIDES-C4-C24-LIBRARY	temp/spectra_filtered.mgf682	-1	ECG-ACYL-AMIDES-C4-C24-LIBRARY.mgf	257.435				6	0	0.0979004	380.193	0	CCMSLIB00010010734
520	spectra_filtered.mgf	*..*		:1097	1097	-1	0	226.118	1	0.848776	0	0	55905.0	20307800.0	Candidate Histidine-C4:0 (delta mass:70.0409) M+H	GNPS-N-ACYL-LIPIDS-MASSQL	temp/spectra_filtered.mgf520	-1	GNPS-N-ACYL-LIPIDS-MASSQL.mgf	4404.59				7	0	0.995956	227.114	0	CCMSLIB00016339502
852	spectra_filtered.mgf	*..*		:559	4121	-1	0	171.113	1	0.847985	0	0	515359.0	6008120.0	Spectral Match to Leu-Gly from NIST14 M+H-H2O	GNPS-NIST14-MATCHES	temp/spectra_filtered.mgf852	-1	GNPS-NIST14-MATCHES.mgf	0.71339				6	0	0.00012207	171.113	0	CCMSLIB00003138608
95	spectra_filtered.mgf	*..*		:5294	5294	-1	0	258.11	1	0.84764	0	0	461396000.0	19733200.0	L-alpha-Glycerylphosphorylcholine - 40.0 eV M+H	BIRMINGHAM-UHPLC-MS-POS	temp/spectra_filtered.mgf95	-1	BIRMINGHAM-UHPLC-MS-POS.mgf	1.30058				6	0	0.000335693	258.11	0	CCMSLIB00006121569
1250	spectra_filtered.mgf	*..*		:30845	30845	-1	0	342.239	1	0.847605	0	0	212.217	25902600.0	diprotin A [M+H]+	MSNLIB-POSITIVE	temp/spectra_filtered.mgf1250	-1	MSNLIB-POSITIVE.mgf	2931.12				9	0	1.00314	343.242	0	CCMSLIB00012329401
15	spectra_filtered.mgf	*..*		:26	200	-1	0	146.165	0	0.845633	0	0	7332770.0	5061390.0	SPERMIDINE M+H	GNPS-MSMLS	temp/spectra_filtered.mgf15	-1	GNPS-MSMLS.mgf	1.67031				6	0	0.000244141	146.165	0	CCMSLIB00005463951
2022	spectra_filtered.mgf	*..*		:2887	379	-1	0	279.232	1	0.844559	0	0	759178.0	434583.0	gamma-Linolenic acid (known structural isomers: 0; isobaric peaks in run: 2) [M+H]+	CMMC-FOOD-BIOMARKERS	temp/spectra_filtered.mgf2022	-1	CMMC-FOOD-BIOMARKERS.mgf	3524.31				8	0	0.9841	278.248	0	CCMSLIB00013576563
2066	spectra_filtered.mgf	*..*		:24348	24348	-1	0	358.368	1	0.844389	0	0	364.715	157770.0	Stearyldiethanolamine [M+H]+	MSNLIB-POSITIVE	temp/spectra_filtered.mgf2066	-1	MSNLIB-POSITIVE.mgf	0.0851571				6	0	3.05176e-05	358.368	0	CCMSLIB00012316042
2017	spectra_filtered.mgf	*..*		:3553	2768	-1	0	460.424	1	0.844058	0	0	617610.0	935958.0	spermidine-C20:1 M+Na	ECG-ACYL-AMIDES-C4-C24-LIBRARY	temp/spectra_filtered.mgf2017	-1	ECG-ACYL-AMIDES-C4-C24-LIBRARY.mgf	335.716				6	0	0.154572	460.269	0	CCMSLIB00011436270
643	spectra_filtered.mgf	*..*		:705	5432	-1	0	357.249	1	0.842474	0	0	4657860.0	22920400.0	Spectral Match to Leu-Pro-Lys from NIST14 M+H	GNPS-NIST14-MATCHES	temp/spectra_filtered.mgf643	-1	GNPS-NIST14-MATCHES.mgf	2707.76				9	0	0.967346	358.216	0	CCMSLIB00003139919
463	spectra_filtered.mgf	*..*		:8720	8720	-1	0	214.047	1	0.841986	0	0	80555600.0	26138400.0	Phosphoethanolamine_pyruvate (known isomers: 0; isobaric peaks in run: 0) [M+H]+	GNPS-ALKYLAMINES-LIBRARY	temp/spectra_filtered.mgf463	-1	GNPS-ALKYLAMINES-LIBRARY.mgf	5102.73				6	0	1.09222	215.139	0	CCMSLIB00016351747
860	spectra_filtered.mgf	*..*		:1300	1298	-1	0	263.0	1	0.841472	0	0	225.0	28735600.0	ReSpect:PM014410 Cyclo(Val-Tyr) M+H	RESPECT	temp/spectra_filtered.mgf860	-1	RESPECT.mgf	7134.5				8	0	1.87637	261.124	0	CCMSLIB00000211295
851	spectra_filtered.mgf	*..*		:1994	1994	-1	0	332.226	1	0.838226	0	0	2464170.0	8086750.0	Candidate Methionine-C12:0 (delta mass:182.1674) M+H	GNPS-N-ACYL-LIPIDS-MASSQL	temp/spectra_filtered.mgf851	-1	GNPS-N-ACYL-LIPIDS-MASSQL.mgf	296.425				7	0	0.0984802	332.128	0	CCMSLIB00016340399
414	spectra_filtered.mgf	*..*		:394	5147	-1	0	244.165	1	0.837298	0	0	2361300.0	6766120.0	Spectral Match to Lys-Pro from NIST14 M+H	GNPS-NIST14-MATCHES	temp/spectra_filtered.mgf414	-1	GNPS-NIST14-MATCHES.mgf	3.24968				6	0	0.000793457	244.166	0	CCMSLIB00003139634
438	spectra_filtered.mgf	*..*		:260	732	-1	0	295.129	1	0.837201	0	0	947146.0	11769600.0	Spectral Match to Phe-Glu from NIST14 M+H	GNPS-NIST14-MATCHES	temp/spectra_filtered.mgf438	-1	GNPS-NIST14-MATCHES.mgf	3334.58				6	0	0.984131	294.145	0	CCMSLIB00003135218
1838	spectra_filtered.mgf	*..*		:294	294	-1	0	562.819	1	0.836493	0	0	128312.0	122474000.0	SCH-378199_47738_dereplictor_pv_6.19652e-13 M+2H	DEREPLICATOR_IDENTIFIED_LIBRARY	temp/spectra_filtered.mgf1838	-1	DEREPLICATOR_IDENTIFIED_LIBRARY.mgf	6.39828				40	0	561.808	562.823	0	CCMSLIB00000577784
1215	spectra_filtered.mgf	*..*		:1231	1482	-1	0	171.102	1	0.835997	0	0	1028280.0	13817100.0	Spectral Match to Azelaic acid from NIST14 M+H-H2O	GNPS-NIST14-MATCHES	temp/spectra_filtered.mgf1215	-1	GNPS-NIST14-MATCHES.mgf	5753.59				6	0	0.984451	170.118	0	CCMSLIB00003135969
1539	spectra_filtered.mgf	*..*		:6	3623	-1	0	652.4	1	0.834496	0	0	232403000.0	6141000.0	val-leu-pro-val-pro-gln M+H	GNPS-LIBRARY	temp/spectra_filtered.mgf1539	-1	GNPS-LIBRARY.mgf	4.58419				17	0	0.00299072	652.403	0	CCMSLIB00004679264
1972	spectra_filtered.mgf	*..*		:1815	3778	-1	0	227.164	1	0.834306	0	0	1655990.0	6494140.0	Spectral Match to 1,11-Undecanedicarboxylic acid from NIST14 M+H-H2O	GNPS-NIST14-MATCHES	temp/spectra_filtered.mgf1972	-1	GNPS-NIST14-MATCHES.mgf	4332.38				8	0	0.984161	226.18	0	CCMSLIB00003138265
295	spectra_filtered.mgf	*..*		:49215	49215	-1	0	334.165	1	0.834212	0	0	287.324	5951210.0	STK921390 [M+H]+	MSNLIB-POSITIVE	temp/spectra_filtered.mgf295	-1	MSNLIB-POSITIVE.mgf	5935.66				6	0	1.98349	332.182	0	CCMSLIB00012366321
1987	spectra_filtered.mgf	*..*		:1018	937	-1	0	255.157	1	0.833879	0	0	1377020.0	1500260.0	acetic_acid_isobutyl_ester 2M+Na	GNPS-NUTRI-METAB-FEM-POS	temp/spectra_filtered.mgf1987	-1	GNPS-NUTRI-METAB-FEM-POS.mgf	8.19281				7	0	0.00209045	255.159	0	CCMSLIB00006673889
9	spectra_filtered.mgf	*..*		:589	5127	-1	0	246.181	1	0.833581	0	0	871959.0	2191100.0	Spectral Match to Lys-Val from NIST14 M+H	GNPS-NIST14-MATCHES	temp/spectra_filtered.mgf9	-1	GNPS-NIST14-MATCHES.mgf	8040.74				6	0	1.97948	248.16	0	CCMSLIB00003139614
198	spectra_filtered.mgf	*..*		:709	5204	-1	0	174.118	1	0.833065	0	0	706032.0	1109570.0	Spectral Match to Ser-Leu-Lys from NIST14 M+2H	GNPS-NIST14-MATCHES	temp/spectra_filtered.mgf198	-1	GNPS-NIST14-MATCHES.mgf	598.282				7	0	0.104172	174.014	0	CCMSLIB00003139691
175	spectra_filtered.mgf	*..*		:2264	2264	-1	0	371.327	1	0.83299	0	0	12269100.0	2090480.0	Candidate Lysine-C15:0 (delta mass:224.2141) M+H	GNPS-N-ACYL-LIPIDS-MASSQL	temp/spectra_filtered.mgf175	-1	GNPS-N-ACYL-LIPIDS-MASSQL.mgf	4968.18				8	0	1.84482	373.172	0	CCMSLIB00016340669
155	spectra_filtered.mgf	*..*		:717	1364	-1	0	245.186	1	0.830171	0	0	100823000.0	7253180.0	Lys-C6:0 M+H	ECG-ACYL-AMIDES-C4-C24-LIBRARY	temp/spectra_filtered.mgf155	-1	ECG-ACYL-AMIDES-C4-C24-LIBRARY.mgf	4059.24				6	0	0.99527	246.181	0	CCMSLIB00011434806
132	spectra_filtered.mgf	*..*		:938	1117	-1	0	371.229	1	0.829484	0	0	3563200.0	1190420.0	Spectral Match to PyroGlu-Ile-Lys from NIST14 M+H	GNPS-NIST14-MATCHES	temp/spectra_filtered.mgf132	-1	GNPS-NIST14-MATCHES.mgf	5233.54				10	0	1.94284	373.172	0	CCMSLIB00003135603
1964	spectra_filtered.mgf	*..*		:1815	3778	-1	0	227.164	1	0.828992	0	0	1655990.0	12482400.0	Spectral Match to 1,11-Undecanedicarboxylic acid from NIST14 M+H-H2O	GNPS-NIST14-MATCHES	temp/spectra_filtered.mgf1964	-1	GNPS-NIST14-MATCHES.mgf	4821.32				8	0	1.09523	226.069	0	CCMSLIB00003138265
1836	spectra_filtered.mgf	*..*		:242	242	-1	0	574.305	1	0.828414	0	0	50088.0	15074700.0	Antamanide_23947_dereplictor_pv_1.19028e-14 M+2H	DEREPLICATOR_IDENTIFIED_LIBRARY	temp/spectra_filtered.mgf1836	-1	DEREPLICATOR_IDENTIFIED_LIBRARY.mgf	858.502				27	0	573.791	573.812	0	CCMSLIB00000577732
1984	spectra_filtered.mgf	*..*		:3421	3421	-1	0	226.074	1	0.824782	0	0	13846900.0	556354.0	Taurine_alpha-ketoisovaleric acid (known isomers: 0; isobaric peaks in run: 0) [M+H]+	GNPS-ALKYLAMINES-LIBRARY	temp/spectra_filtered.mgf1984	-1	GNPS-ALKYLAMINES-LIBRARY.mgf	4094.9				6	0	0.925751	225.148	0	CCMSLIB00016346448
276	spectra_filtered.mgf	*..*		:1152	1152	-1	0	243.17	1	0.824449	0	0	4057260.0	2858290.0	Candidate Lysine-C6:1 (delta mass:96.0573) M+H	GNPS-N-ACYL-LIPIDS-MASSQL	temp/spectra_filtered.mgf276	-1	GNPS-N-ACYL-LIPIDS-MASSQL.mgf	4094.21				7	0	0.99559	244.166	0	CCMSLIB00016339557
114	spectra_filtered.mgf	*..*		:4588	4588	-1	0	268.202	1	0.824054	0	0	439516000.0	6688840.0	Histidine_3-Octanone (known isomers: 0; isobaric peaks in run: 1) [M+H]+	GNPS-ALKYLAMINES-LIBRARY	temp/spectra_filtered.mgf114	-1	GNPS-ALKYLAMINES-LIBRARY.mgf	4076.03				6	0	1.0932	267.109	0	CCMSLIB00016347615
737	spectra_filtered.mgf	*..*		:641	2324	-1	0	233.149	1	0.823413	0	0	147557.0	77439400.0	Spectral Match to Thr-Leu from NIST14 M+H	GNPS-NIST14-MATCHES	temp/spectra_filtered.mgf737	-1	GNPS-NIST14-MATCHES.mgf	8487.37				6	0	1.97882	231.17	0	CCMSLIB00003136811
464	spectra_filtered.mgf	*..*		:3059	2393	-1	0	383.302	1	0.822869	0	0	86567700.0	3068750.0	Arg-C14:1 M+H	ECG-ACYL-AMIDES-C4-C24-LIBRARY	temp/spectra_filtered.mgf464	-1	ECG-ACYL-AMIDES-C4-C24-LIBRARY.mgf	5002.85				11	0	1.9176	385.22	0	CCMSLIB00011435875
642	spectra_filtered.mgf	*..*		:1586	655	-1	0	436.353	1	0.822863	0	0	1835420.0	35871200.0	His-C19:0 M+H	ECG-ACYL-AMIDES-C4-C24-LIBRARY	temp/spectra_filtered.mgf642	-1	ECG-ACYL-AMIDES-C4-C24-LIBRARY.mgf	1975.04				7	0	0.861816	437.215	0	CCMSLIB00010011254
139	spectra_filtered.mgf	*..*		:249	2863	-1	0	260.197	0	0.821898	0	0	3070190.0	3518230.0	Spectral Match to Lys-Leu from NIST14 M+H	GNPS-NIST14-MATCHES	temp/spectra_filtered.mgf139	-1	GNPS-NIST14-MATCHES.mgf	3943.4				8	0	1.02606	259.171	0	CCMSLIB00003137350
251	spectra_filtered.mgf	*..*		:3022	12181	-1	0	232.154	1	0.820924	0	0	35950700.0	4017320.0	(3-oxohexanoyl)homoserine M+H	GNPS-LIBRARY	temp/spectra_filtered.mgf251	-1	GNPS-LIBRARY.mgf	4549.1				7	0	1.05609	231.098	0	CCMSLIB00010013038
898	spectra_filtered.mgf	*..*		:1300	1298	-1	0	263.0	1	0.818805	0	0	225.0	77327400.0	ReSpect:PM014410 Cyclo(Val-Tyr) M+H	RESPECT	temp/spectra_filtered.mgf898	-1	RESPECT.mgf	7134.62				7	0	1.8764	261.124	0	CCMSLIB00000211295
996	spectra_filtered.mgf	*..*		:938	1117	-1	0	371.229	1	0.818389	0	0	3563200.0	19203600.0	Spectral Match to PyroGlu-Ile-Lys from NIST14 M+H	GNPS-NIST14-MATCHES	temp/spectra_filtered.mgf996	-1	GNPS-NIST14-MATCHES.mgf	2552.69				13	0	0.947632	372.177	0	CCMSLIB00003135603
136	spectra_filtered.mgf	*..*		:703	1354	-1	0	273.192	1	0.817219	0	0	104841000.0	1993570.0	Arg-C6:0 M+H	ECG-ACYL-AMIDES-C4-C24-LIBRARY	temp/spectra_filtered.mgf136	-1	ECG-ACYL-AMIDES-C4-C24-LIBRARY.mgf	3643.67				9	0	0.995422	274.187	0	CCMSLIB00011434796
138	spectra_filtered.mgf	*..*		:46446	46446	-1	0	189.123	1	0.816406	0	0	230.658	9955620.0	H-VAL-ALA-OH [M+H]+	MSNLIB-POSITIVE	temp/spectra_filtered.mgf138	-1	MSNLIB-POSITIVE.mgf	2.42045				9	0	0.000457764	189.123	0	CCMSLIB00012360795
301	spectra_filtered.mgf	*..*		:72311	172750	-1	0	202.107	1	0.815483	0	0	212.725	14707300.0	2-(oxan-4-ylformamido)propanoic acid [M+H]+	MSNLIB-POSITIVE	temp/spectra_filtered.mgf301	-1	MSNLIB-POSITIVE.mgf	5046.32				6	0	1.0199	201.087	0	CCMSLIB00012872051
2024	spectra_filtered.mgf	*..*		:2887	379	-1	0	279.232	1	0.813875	0	0	759178.0	274163.0	gamma-Linolenic acid (known structural isomers: 0; isobaric peaks in run: 2) [M+H]+	CMMC-FOOD-BIOMARKERS	temp/spectra_filtered.mgf2024	-1	CMMC-FOOD-BIOMARKERS.mgf	3524.2				8	0	0.98407	278.248	0	CCMSLIB00013576563
346	spectra_filtered.mgf	*..*		:4343	4343	-1	0	222.097	1	0.812414	0	0	670355.0	10073700.0	Glutamic acid_Glyceraldehyde (known isomers: 0; isobaric peaks in run: 2) [M+H]+	GNPS-ALKYLAMINES-LIBRARY	temp/spectra_filtered.mgf346	-1	GNPS-ALKYLAMINES-LIBRARY.mgf	4525.35				6	0	1.00507	221.092	0	CCMSLIB00016347370
201	spectra_filtered.mgf	*..*		:3945	3945	-1	0	304.176	1	0.811968	0	0	28765300.0	1547720.0	Arginine_Indole-3-carbaldehyde (known isomers: 1; isobaric peaks in run: 1) [M+H]+	GNPS-ALKYLAMINES-LIBRARY	temp/spectra_filtered.mgf201	-1	GNPS-ALKYLAMINES-LIBRARY.mgf	3681.16				6	0	1.11972	303.056	0	CCMSLIB00016346972
257	spectra_filtered.mgf	*..*		:828	2926	-1	0	187.145	1	0.810957	0	0	3916160.0	2395970.0	Spectral Match to Ile-Leu-Lys from NIST14 M+2H	GNPS-NIST14-MATCHES	temp/spectra_filtered.mgf257	-1	GNPS-NIST14-MATCHES.mgf	5186.74				8	0	0.970673	188.116	0	CCMSLIB00003137413
270	spectra_filtered.mgf	*..*		:562	2180	-1	0	217.155	1	0.810247	0	0	851372.0	13661200.0	Spectral Match to Val-Val from NIST14 M+H	GNPS-NIST14-MATCHES	temp/spectra_filtered.mgf270	-1	GNPS-NIST14-MATCHES.mgf	9113.46				6	0	1.97903	219.134	0	CCMSLIB00003136667
632	spectra_filtered.mgf	*..*		:926	638	-1	0	229.155	1	0.808122	0	0	521294.0	16598000.0	Spectral Match to Pro-Ile from NIST14 M+H	GNPS-NIST14-MATCHES	temp/spectra_filtered.mgf632	-1	GNPS-NIST14-MATCHES.mgf	4376.58				6	0	1.00291	230.158	0	CCMSLIB00003135124
1344	spectra_filtered.mgf	*..*		:1912	1912	-1	0	317.186	1	0.807962	0	0	2342240.0	20800200.0	Candidate Tryptophan-C7:0 (delta mass:112.0885) M+H	GNPS-N-ACYL-LIPIDS-MASSQL	temp/spectra_filtered.mgf1344	-1	GNPS-N-ACYL-LIPIDS-MASSQL.mgf	3331.3				11	0	1.05664	316.129	0	CCMSLIB00016340317
1811	spectra_filtered.mgf	*..*		:1	1287	-1	0	227.174	1	0.807063	0	0	3682560.0	3629020.0	cyclo-(Leu-Leu) M+H	GNPS-LIBRARY	temp/spectra_filtered.mgf1811	-1	GNPS-LIBRARY.mgf	6.11227				8	0	0.00138855	227.175	0	CCMSLIB00000081186
180	spectra_filtered.mgf	*..*		:4587	4587	-1	0	268.202	1	0.80581	0	0	678799000.0	2154600.0	Histidine_3-Octanone (known isomers: 0; isobaric peaks in run: 1) [M+H]+	GNPS-ALKYLAMINES-LIBRARY	temp/spectra_filtered.mgf180	-1	GNPS-ALKYLAMINES-LIBRARY.mgf	4262.42				6	0	1.14319	267.059	0	CCMSLIB00016347614
526	spectra_filtered.mgf	*..*		:7745	7745	-1	0	312.192	1	0.80541	0	0	8668.52	5097720.0	Val-pro-pro [CCS=174.82534790039062] [M+H]+	GNPS-ION-MOBILITY-LIBRARY	temp/spectra_filtered.mgf526	-1	GNPS-ION-MOBILITY-LIBRARY.mgf	0.0977526				7	0	3.05176e-05	312.192	0	CCMSLIB00016219228
435	spectra_filtered.mgf	*..*		:8550	8550	-1	0	222.079	1	0.804493	0	0	230234.0	714677.0	Cysteine_alpha-ketoisovaleric acid (known isomers: 0; isobaric peaks in run: 0) [M+H]+	GNPS-ALKYLAMINES-LIBRARY	temp/spectra_filtered.mgf435	-1	GNPS-ALKYLAMINES-LIBRARY.mgf	4452.88				6	0	0.988892	221.09	0	CCMSLIB00016351577
192	spectra_filtered.mgf	*..*		:790	15010	-1	0	352.042	1	0.803638	0	0	119609.0	425193.0	ADENOSINE 2_3_CYCLIC PHOSPHATE M+H	GNPS-LIBRARY	temp/spectra_filtered.mgf192	-1	GNPS-LIBRARY.mgf	0.780186				6	0	0.000274658	352.042	0	CCMSLIB00013583268
2082	spectra_filtered.mgf	*..*		:20	282	-1	0	145.047	0	0.802911	0	0	397558.0	735393.0	ERYTHRITOL M+Na	GNPS-MSMLS	temp/spectra_filtered.mgf2082	-1	GNPS-MSMLS.mgf	7501.0				6	0	1.088	143.959	0	CCMSLIB00005464033
216	spectra_filtered.mgf	*..*		:1932	1932	-1	0	324.228	1	0.801226	0	0	744818.0	4006590.0	Candidate Histidine-C11:0 (delta mass:168.1514) M+H	GNPS-N-ACYL-LIPIDS-MASSQL	temp/spectra_filtered.mgf216	-1	GNPS-N-ACYL-LIPIDS-MASSQL.mgf	6027.12				6	0	1.95416	326.182	0	CCMSLIB00016340337
2025	spectra_filtered.mgf	*..*		:2796	236	-1	0	279.232	1	0.801022	0	0	942813.0	446458.0	Spectral Match to 9(10)-EpOME from NIST14 M+H-H2O	GNPS-NIST14-MATCHES	temp/spectra_filtered.mgf2025	-1	GNPS-NIST14-MATCHES.mgf	3524.2				7	0	0.98407	278.248	0	CCMSLIB00003134722
1973	spectra_filtered.mgf	*..*		:1013	1013	-1	0	245.175	1	0.800935	0	0	22802900.0	2804340.0	Brassylic acid - 40.0 eV M+H	BIRMINGHAM-UHPLC-MS-POS	temp/spectra_filtered.mgf1973	-1	BIRMINGHAM-UHPLC-MS-POS.mgf	4014.3				9	0	0.984207	244.191	0	CCMSLIB00006114412
1203	spectra_filtered.mgf	*..*		:53512	53512	-1	0	333.127	1	0.79841	0	0	304.608	3186120.0	SCHEMBL20255589 [M+H]+	MSNLIB-POSITIVE	temp/spectra_filtered.mgf1203	-1	MSNLIB-POSITIVE.mgf	2729.05				6	0	0.909119	332.218	0	CCMSLIB00012374921
163	spectra_filtered.mgf	*..*		:812	506	-1	0	259.202	1	0.798163	0	0	190421.0	5681850.0	Lys-C7:0 M+H	ECG-ACYL-AMIDES-C4-C24-LIBRARY	temp/spectra_filtered.mgf163	-1	ECG-ACYL-AMIDES-C4-C24-LIBRARY.mgf	4217.68				6	0	1.09323	258.109	0	CCMSLIB00010011105
253	spectra_filtered.mgf	*..*		:1196	1196	-1	0	254.151	1	0.798012	0	0	481279.0	833391.0	Candidate Histidine-C6:0 (delta mass:98.0741) M+H	GNPS-N-ACYL-LIPIDS-MASSQL	temp/spectra_filtered.mgf253	-1	GNPS-N-ACYL-LIPIDS-MASSQL.mgf	4215.83				6	0	1.07146	253.08	0	CCMSLIB00016339601
428	spectra_filtered.mgf	*..*		:442	3172	-1	0	229.155	2	0.797793	0	0	5974300.0	12733200.0	Spectral Match to Leu-Pro from NIST14 M+H	GNPS-NIST14-MATCHES	temp/spectra_filtered.mgf428	-1	GNPS-NIST14-MATCHES.mgf	6545.99				6	0	225.148	227.655	0	CCMSLIB00003137659
157	spectra_filtered.mgf	*..*		:8196	8196	-1	0	230.0	1	0.797482	0	0	14589100.0	2846350.0	Massbank:KO002394 Amiloride [M+H]+	MASSBANK	temp/spectra_filtered.mgf157	-1	MASSBANK.mgf	8062.41				7	0	1.85435	228.146	0	CCMSLIB00000217282
1993	spectra_filtered.mgf	*..*		:2326	6918	-1	0	297.243	1	0.797296	0	0	215400.0	160668.0	NCGC00381425-01!8-hydroxy-8-(3-octyloxiran-2-yl)octanoic acid [IIN-based on: CCMSLIB00000846585] [M-H2O+H]+	GNPS-NIH-NATURALPRODUCTSLIBRARY_ROUND2_POSITIVE	temp/spectra_filtered.mgf1993	-1	GNPS-NIH-NATURALPRODUCTSLIBRARY_ROUND2_POSITIVE.mgf	3312.51				12	0	0.984619	296.258	0	CCMSLIB00005722214
2088	spectra_filtered.mgf	*..*		:20	282	-1	0	145.047	0	0.796468	0	0	397558.0	982984.0	ERYTHRITOL M+Na	GNPS-MSMLS	temp/spectra_filtered.mgf2088	-1	GNPS-MSMLS.mgf	7501.1				6	0	1.08801	143.959	0	CCMSLIB00005464033
834	spectra_filtered.mgf	*..*		:2398	1412	-1	0	226.18	1	0.796358	0	0	1776130.0	20264800.0	Leu-C7:0 M-H2O+H	ECG-ACYL-AMIDES-C4-C24-LIBRARY	temp/spectra_filtered.mgf834	-1	ECG-ACYL-AMIDES-C4-C24-LIBRARY.mgf	4670.87				6	0	1.05646	225.124	0	CCMSLIB00011434855
2086	spectra_filtered.mgf	*..*		:20	282	-1	0	145.047	0	0.796353	0	0	397558.0	687108.0	ERYTHRITOL M+Na	GNPS-MSMLS	temp/spectra_filtered.mgf2086	-1	GNPS-MSMLS.mgf	7501.31				6	0	1.08804	143.959	0	CCMSLIB00005464033
647	spectra_filtered.mgf	*..*		:4592	4592	-1	0	244.227	1	0.795012	0	0	57126700.0	36999700.0	Isoleucine_3-Octanone (known isomers: 0; isobaric peaks in run: 1) [M+H]+	GNPS-ALKYLAMINES-LIBRARY	temp/spectra_filtered.mgf647	-1	GNPS-ALKYLAMINES-LIBRARY.mgf	4475.23				6	0	1.09297	243.134	0	CCMSLIB00016347619
564	spectra_filtered.mgf	*..*		:322	3266	-1	0	247.128	1	0.792245	0	0	853156.0	11389900.0	Spectral Match to Asp-Leu from NIST14 M+H	GNPS-NIST14-MATCHES	temp/spectra_filtered.mgf564	-1	GNPS-NIST14-MATCHES.mgf	3976.59				9	0	0.982727	246.145	0	CCMSLIB00003137753
422	spectra_filtered.mgf	*..*		:124	4213	-1	0	251.15	1	0.791742	0	0	21616.1	44765400.0	Spectral Match to His-Ile from NIST14 M+H-H2O	GNPS-NIST14-MATCHES	temp/spectra_filtered.mgf422	-1	GNPS-NIST14-MATCHES.mgf	3.09854				8	0	0.000778198	251.151	0	CCMSLIB00003138700
780	spectra_filtered.mgf	*..*		:555	850	-1	0	293.114	1	0.789305	0	0	772667.0	5214540.0	Spectral Match to PyroGlu-Tyr from NIST14 M+H	GNPS-NIST14-MATCHES	temp/spectra_filtered.mgf780	-1	GNPS-NIST14-MATCHES.mgf	160.233				8	0	0.0469666	293.161	0	CCMSLIB00003135336
1270	spectra_filtered.mgf	*..*		:1068	5154	-1	0	302.207	1	0.786049	0	0	1440120.0	1906470.0	Spectral Match to Ile-Gly-Ile from NIST14 M+H	GNPS-NIST14-MATCHES	temp/spectra_filtered.mgf1270	-1	GNPS-NIST14-MATCHES.mgf	1.00982				7	0	0.000305176	302.207	0	CCMSLIB00003139641
879	spectra_filtered.mgf	*..*		:209	5061	-1	0	373.281	1	0.786043	0	0	681354.0	2413030.0	Spectral Match to Ile-Ile-Lys from NIST14 M+H	GNPS-NIST14-MATCHES	temp/spectra_filtered.mgf879	-1	GNPS-NIST14-MATCHES.mgf	2538.98				9	0	0.947754	374.229	0	CCMSLIB00003139548
2092	spectra_filtered.mgf	*..*		:7852	26315	-1	0	685.174	1	0.785455	0	0	603.568	509120.0	7-[(2S,3R,4S,5S,6R)-4,5-dihydroxy-3-[(2R,3R,4R,5R,6S)-3,4,5-trihydroxy-6-methyloxan-2-yl]oxy-6-[[(2R,3R,4R,5R,6S)-3,4,5-trihydroxy-6-methyloxan-2-yl]oxymethyl]oxan-2-yl]oxy-6-methoxychromen-2-one [M+K]+	MONA	temp/spectra_filtered.mgf2092	-1	MONA.mgf	1416.46				14	0	0.97052	684.203	0	CCMSLIB00004698915
289	spectra_filtered.mgf	*..*		:3834	54958	-1	0	175.119	1	0.783479	0	0	227.1	712560.0	ARGININE M+H	MONA	temp/spectra_filtered.mgf289	-1	MONA.mgf	5406.83				7	0	0.946838	176.066	0	CCMSLIB00006683987
2077	spectra_filtered.mgf	*..*		:5206	5206	-1	0	281.247	1	0.781896	0	0	476.055	248567.0	MoNA:790536 Linoleic acid M+H	MONA	temp/spectra_filtered.mgf2077	-1	MONA.mgf	3496.67				8	0	0.983429	280.264	0	CCMSLIB00000567955
2035	spectra_filtered.mgf	*..*		:2411	5156	-1	0	281.248	1	0.779777	0	0	3176.0	1265560.0	Spectral Match to Conjugated linoleic Acid (10E,12Z) from NIST14 M+H	GNPS-NIST14-MATCHES	temp/spectra_filtered.mgf2035	-1	GNPS-NIST14-MATCHES.mgf	3500.24				9	0	0.984436	280.264	0	CCMSLIB00003139643
105	spectra_filtered.mgf	*..*		:86872	86872	-1	0	421.165	1	0.779678	0	0	118.201	1152340.0	AURICULASIN [M+H]+	MSNLIB-POSITIVE	temp/spectra_filtered.mgf105	-1	MSNLIB-POSITIVE.mgf	4509.04				6	0	1.89905	423.064	0	CCMSLIB00012438124
1077	spectra_filtered.mgf	*..*		:1906	1906	-1	0	316.212	1	0.779545	0	0	8716280.0	13285400.0	Candidate Glutamic acid-C11:0 (delta mass:168.1515) M+H	GNPS-N-ACYL-LIPIDS-MASSQL	temp/spectra_filtered.mgf1077	-1	GNPS-N-ACYL-LIPIDS-MASSQL.mgf	2917.11				7	0	0.922424	317.134	0	CCMSLIB00016340311
2079	spectra_filtered.mgf	*..*		:4017	1440	-1	0	256.262	1	0.774209	0	0	546673.0	106752.0	Spectral Match to Palmitamide from NIST14 M+H	GNPS-NIST14-MATCHES	temp/spectra_filtered.mgf2079	-1	GNPS-NIST14-MATCHES.mgf	3920.24				6	0	1.00461	257.267	0	CCMSLIB00003135927
467	spectra_filtered.mgf	*..*		:26	641	-1	0	265.079	1	0.772804	0	0	707827.0	1083490.0	THYMIDINE M+Na	GNPS-MSMLS	temp/spectra_filtered.mgf467	-1	GNPS-MSMLS.mgf	2.1874				6	0	0.000579834	265.08	0	CCMSLIB00005464392
7	spectra_filtered.mgf	*..*		:121	121	-1	0	160.097	0	0.771794	0	0	1944100.0	936708.0	Candidate Valine-C2:0 (delta mass:42.0104) M+H	GNPS-N-ACYL-LIPIDS-MASSQL	temp/spectra_filtered.mgf7	-1	GNPS-N-ACYL-LIPIDS-MASSQL.mgf	523.631				6	0	0.0838318	160.181	0	CCMSLIB00016338526
2047	spectra_filtered.mgf	*..*		:5206	5206	-1	0	281.247	1	0.771181	0	0	476.055	600748.0	MoNA:790536 Linoleic acid M+H	MONA	temp/spectra_filtered.mgf2047	-1	MONA.mgf	3496.78				10	0	0.983459	280.264	0	CCMSLIB00000567955
212	spectra_filtered.mgf	*..*		:1881	1881	-1	0	311.196	1	0.770138	0	0	5897220.0	5382140.0	Candidate Glutamine-C11:2 (delta mass:164.1194) M+H	GNPS-N-ACYL-LIPIDS-MASSQL	temp/spectra_filtered.mgf212	-1	GNPS-N-ACYL-LIPIDS-MASSQL.mgf	3394.44				8	0	1.05634	310.14	0	CCMSLIB00016340286
1986	spectra_filtered.mgf	*..*		:2326	6918	-1	0	297.243	1	0.769896	0	0	215400.0	401684.0	NCGC00381425-01!8-hydroxy-8-(3-octyloxiran-2-yl)octanoic acid [IIN-based on: CCMSLIB00000846585] [M-H2O+H]+	GNPS-NIH-NATURALPRODUCTSLIBRARY_ROUND2_POSITIVE	temp/spectra_filtered.mgf1986	-1	GNPS-NIH-NATURALPRODUCTSLIBRARY_ROUND2_POSITIVE.mgf	3312.51				11	0	0.984619	296.258	0	CCMSLIB00005722214
1810	spectra_filtered.mgf	*..*		:1862	141	-1	0	390.3	1	0.768568	0	0	503511.0	2501240.0	Phe-C15:0 M+H	ECG-ACYL-AMIDES-C4-C24-LIBRARY	temp/spectra_filtered.mgf1810	-1	ECG-ACYL-AMIDES-C4-C24-LIBRARY.mgf	250.208				6	0	0.0976562	390.202	0	CCMSLIB00010010739
415	spectra_filtered.mgf	*..*		:209	5061	-1	0	373.281	1	0.7664	0	0	681354.0	12704400.0	Spectral Match to Ile-Ile-Lys from NIST14 M+H	GNPS-NIST14-MATCHES	temp/spectra_filtered.mgf415	-1	GNPS-NIST14-MATCHES.mgf	5156.94				10	0	1.92499	375.206	0	CCMSLIB00003139548
2030	spectra_filtered.mgf	*..*		:5206	5206	-1	0	281.247	1	0.766216	0	0	476.055	2304720.0	MoNA:790536 Linoleic acid M+H	MONA	temp/spectra_filtered.mgf2030	-1	MONA.mgf	3496.89				10	0	0.98349	280.264	0	CCMSLIB00000567955
28	spectra_filtered.mgf	*..*		:1595	1833	-1	0	838.835	1	0.766072	0	0	14676.0	16155500.0	MS_Contaminant_Sodium_Formate_Cluster M+H	GNPS-LIBRARY	temp/spectra_filtered.mgf28	-1	GNPS-LIBRARY.mgf	4.51123				6	0	0.00378418	838.839	0	CCMSLIB00000424739
1841	spectra_filtered.mgf	*..*		:30844	30844	-1	0	342.239	1	0.766027	0	0	157.481	1283490.0	diprotin A [M+H]+	MSNLIB-POSITIVE	temp/spectra_filtered.mgf1841	-1	MSNLIB-POSITIVE.mgf	5676.32				6	0	1.94266	344.182	0	CCMSLIB00012329398
255	spectra_filtered.mgf	*..*		:1472	158	-1	0	385.342	1	0.763913	0	0	311944.0	2528760.0	Lys-C16:0 M+H	ECG-ACYL-AMIDES-C4-C24-LIBRARY	temp/spectra_filtered.mgf255	-1	ECG-ACYL-AMIDES-C4-C24-LIBRARY.mgf	4694.82				8	0	1.80911	387.151	0	CCMSLIB00010010756
839	spectra_filtered.mgf	*..*		:4595	4595	-1	0	259.238	1	0.762973	0	0	40866300.0	9009990.0	Lysine_3-Octanone (known isomers: 1; isobaric peaks in run: 3) [M+H]+	GNPS-ALKYLAMINES-LIBRARY	temp/spectra_filtered.mgf839	-1	GNPS-ALKYLAMINES-LIBRARY.mgf	7354.58				6	0	1.90659	261.145	0	CCMSLIB00016347622
740	spectra_filtered.mgf	*..*		:413	5093	-1	0	231.17	2	0.761939	0	0	2154800.0	10753400.0	Spectral Match to Val-Leu from NIST14 M+H	GNPS-NIST14-MATCHES	temp/spectra_filtered.mgf740	-1	GNPS-NIST14-MATCHES.mgf	8541.87				6	0	234.112	233.145	0	CCMSLIB00003139580
1567	spectra_filtered.mgf	*..*		:51782	152221	-1	0	313.166	1	0.760919	0	0	167.207	44121000.0	N-[3-(4-ethyl-6-oxo-1,6-dihydropyrimidin-2-yl)phenyl]pyrrolidine-2-carboxamide [M+H]+	MSNLIB-POSITIVE	temp/spectra_filtered.mgf1567	-1	MSNLIB-POSITIVE.mgf	3233.83				7	0	1.01273	314.179	0	CCMSLIB00012832409
238	spectra_filtered.mgf	*..*		:40717	40717	-1	0	235.119	1	0.756977	0	0	43.829	13204000.0	Cyclo(his-pro) [M+H]+	MSNLIB-POSITIVE	temp/spectra_filtered.mgf238	-1	MSNLIB-POSITIVE.mgf	4265.17				7	0	1.00282	236.122	0	CCMSLIB00012349263
444	spectra_filtered.mgf	*..*		:394	5147	-1	0	244.165	1	0.756229	0	0	2361300.0	1716900.0	Spectral Match to Lys-Pro from NIST14 M+H	GNPS-NIST14-MATCHES	temp/spectra_filtered.mgf444	-1	GNPS-NIST14-MATCHES.mgf	4124.28				8	0	1.007	243.158	0	CCMSLIB00003139634
1304	spectra_filtered.mgf	*..*		:50314	50314	-1	0	376.187	1	0.752672	0	0	221.187	14224200.0	EiM07-17671 [M+H]+	MSNLIB-POSITIVE	temp/spectra_filtered.mgf1304	-1	MSNLIB-POSITIVE.mgf	5205.85				6	0	1.95837	374.229	0	CCMSLIB00012368517
11	spectra_filtered.mgf	*..*		:1753	1753	-1	0	282.18	0	0.752431	0	0	7777510.0	799742.0	Candidate Histidine-C8:0 (delta mass:126.1032) M+H	GNPS-N-ACYL-LIPIDS-MASSQL	temp/spectra_filtered.mgf11	-1	GNPS-N-ACYL-LIPIDS-MASSQL.mgf	7058.15				6	0	1.99167	284.172	0	CCMSLIB00016340158
607	spectra_filtered.mgf	*..*		:412	1460	-1	0	279.133	1	0.751679	0	0	1190990.0	11962300.0	Spectral Match to Tyr-Pro from NIST14 M+H	GNPS-NIST14-MATCHES	temp/spectra_filtered.mgf607	-1	GNPS-NIST14-MATCHES.mgf	3598.37				6	0	1.00443	280.137	0	CCMSLIB00003135947
551	spectra_filtered.mgf	*..*		:501	1765	-1	0	227.102	1	0.751373	0	0	1346370.0	40324200.0	Spectral Match to PyroGlu-Pro from NIST14 M+H	GNPS-NIST14-MATCHES	temp/spectra_filtered.mgf551	-1	GNPS-NIST14-MATCHES.mgf	4.03135				6	0	0.000915527	227.103	0	CCMSLIB00003136252
1593	spectra_filtered.mgf	*..*		:30844	30844	-1	0	342.239	1	0.74945	0	0	157.481	7123520.0	diprotin A [M+H]+	MSNLIB-POSITIVE	temp/spectra_filtered.mgf1593	-1	MSNLIB-POSITIVE.mgf	5676.59				6	0	1.94275	344.182	0	CCMSLIB00012329398
316	spectra_filtered.mgf	*..*		:28864	105815	-1	0	285.055	1	0.748845	0	0	149.724	1027370.0	Z1983660708 [M-H]-	MSNLIB-NEGATIVE	temp/spectra_filtered.mgf316	-1	MSNLIB-NEGATIVE.mgf	6765.35				6	0	1.9285	283.126	0	CCMSLIB00012785347
317	spectra_filtered.mgf	*..*		:926	638	-1	0	229.155	1	0.747663	0	0	521294.0	7914970.0	Spectral Match to Pro-Ile from NIST14 M+H	GNPS-NIST14-MATCHES	temp/spectra_filtered.mgf317	-1	GNPS-NIST14-MATCHES.mgf	8713.73				7	0	1.9968	227.158	0	CCMSLIB00003135124
683	spectra_filtered.mgf	*..*		:1987	1987	-1	0	330.263	1	0.746634	0	0	23501600.0	13489000.0	Candidate Threonine/homoserine-C14:0 (delta mass:210.1974) M+H	GNPS-N-ACYL-LIPIDS-MASSQL	temp/spectra_filtered.mgf683	-1	GNPS-N-ACYL-LIPIDS-MASSQL.mgf	293.105				6	0	0.0968018	330.166	0	CCMSLIB00016340392
2041	spectra_filtered.mgf	*..*		:5704	17703	-1	0	281.247	1	0.745375	0	0	1011200.0	5537970.0	Massbank:EQ331603 Linoleic acid|(9Z,12Z)-octadeca-9,12-dienoic acid M+H	MASSBANK	temp/spectra_filtered.mgf2041	-1	MASSBANK.mgf	3496.67				9	0	0.983429	280.264	0	CCMSLIB00005731255
2056	spectra_filtered.mgf	*..*		:2326	6918	-1	0	297.243	1	0.744988	0	0	215400.0	823263.0	NCGC00381425-01!8-hydroxy-8-(3-octyloxiran-2-yl)octanoic acid [IIN-based on: CCMSLIB00000846585] [M-H2O+H]+	GNPS-NIH-NATURALPRODUCTSLIBRARY_ROUND2_POSITIVE	temp/spectra_filtered.mgf2056	-1	GNPS-NIH-NATURALPRODUCTSLIBRARY_ROUND2_POSITIVE.mgf	3312.51				10	0	0.984619	296.258	0	CCMSLIB00005722214
57	spectra_filtered.mgf	*..*		:9193	9193	-1	0	210.0	1	0.742677	0	0	180837000.0	3301180.0	Massbank:KO003391 Minoxidil [M+H]+	MASSBANK	temp/spectra_filtered.mgf57	-1	MASSBANK.mgf	5281.07				6	0	1.10902	208.891	0	CCMSLIB00000219306
555	spectra_filtered.mgf	*..*		:441	441	-1	0	188.164	1	0.742565	0	0	533129000.0	23171200.0	Isoleucine_Butyraldehyde (known isomers: 0; isobaric peaks in run: 2) [M+H]+	GNPS-ALKYLAMINES-LIBRARY	temp/spectra_filtered.mgf555	-1	GNPS-ALKYLAMINES-LIBRARY.mgf	5100.02				6	0	0.959641	189.124	0	CCMSLIB00016343468
367	spectra_filtered.mgf	*..*		:1056	1966	-1	0	302.207	1	0.742466	0	0	704001.0	23062400.0	Spectral Match to Ile-Gly-Ile from NIST14 M+H	GNPS-NIST14-MATCHES	temp/spectra_filtered.mgf367	-1	GNPS-NIST14-MATCHES.mgf	3174.48				6	0	0.959351	303.166	0	CCMSLIB00003136453
614	spectra_filtered.mgf	*..*		:24878	125317	-1	0	285.16	1	0.741884	0	0	317.909	17173600.0	Z1591033859 [M+H]+	MSNLIB-POSITIVE	temp/spectra_filtered.mgf614	-1	MSNLIB-POSITIVE.mgf	3563.74				6	0	1.01624	286.176	0	CCMSLIB00012781212
1837	spectra_filtered.mgf	*..*		:294	294	-1	0	562.819	1	0.741798	0	0	128312.0	1412060.0	SCH-378199_47738_dereplictor_pv_6.19652e-13 M+2H	DEREPLICATOR_IDENTIFIED_LIBRARY	temp/spectra_filtered.mgf1837	-1	DEREPLICATOR_IDENTIFIED_LIBRARY.mgf	894.241				32	0	561.308	563.322	0	CCMSLIB00000577784
1118	spectra_filtered.mgf	*..*		:1050	2627	-1	0	391.234	2	0.741689	0	0	23977300.0	3882530.0	Spectral Match to Phe-Pro-Lys from NIST14 M+H	GNPS-NIST14-MATCHES	temp/spectra_filtered.mgf1118	-1	GNPS-NIST14-MATCHES.mgf	1230.43				9	0	389.264	390.753	0	CCMSLIB00003137114
100	spectra_filtered.mgf	*..*		:614	19077	-1	0	365.105	1	0.740707	0	0	23.768	1450390.0	Melibiose [M+Na]+	MONA	temp/spectra_filtered.mgf100	-1	MONA.mgf	1.33737				6	0	0.000488281	365.105	0	CCMSLIB00004691677
777	spectra_filtered.mgf	*..*		:1293	1291	-1	0	185.0	1	0.739709	0	0	96.0	15973200.0	ReSpect:PM014403 Cyclo(Ala-Leu) M+H	RESPECT	temp/spectra_filtered.mgf777	-1	RESPECT.mgf	10200.3				6	0	1.88705	183.113	0	CCMSLIB00000211282
706	spectra_filtered.mgf	*..*		:53836	130787	-1	0	243.039	1	0.738901	0	0	178.142	15379900.0	313241-14-4 [M-H]-	MSNLIB-NEGATIVE	temp/spectra_filtered.mgf706	-1	MSNLIB-NEGATIVE.mgf	4485.8				7	0	1.09023	244.129	0	CCMSLIB00012837909
828	spectra_filtered.mgf	*..*		:736	3275	-1	0	288.203	1	0.7353	0	0	845451.0	2914000.0	Spectral Match to Ile-Arg from NIST14 M+H	GNPS-NIST14-MATCHES	temp/spectra_filtered.mgf828	-1	GNPS-NIST14-MATCHES.mgf	38.4378				7	0	0.0110779	288.192	0	CCMSLIB00003137762
16	spectra_filtered.mgf	*..*		:39884	39884	-1	0	243.109	0	0.734156	0	0	306.684	2088560.0	Ser-His [M+H]+	MSNLIB-POSITIVE	temp/spectra_filtered.mgf16	-1	MSNLIB-POSITIVE.mgf	0.878713				6	0	0.000213623	243.109	0	CCMSLIB00012347562
1982	spectra_filtered.mgf	*..*		:2878	1613	-1	0	297.242	1	0.732056	0	0	1012650.0	497794.0	Spectral Match to 9(10)-EpOME from NIST14 M+H	GNPS-NIST14-MATCHES	temp/spectra_filtered.mgf1982	-1	GNPS-NIST14-MATCHES.mgf	3309.13				9	0	0.983612	296.258	0	CCMSLIB00003136100
182	spectra_filtered.mgf	*..*		:4576	4576	-1	0	246.17	1	0.728821	0	0	54148500.0	5588180.0	Aspartic acid_3-Octanone (known isomers: 0; isobaric peaks in run: 2) [M+H]+	GNPS-ALKYLAMINES-LIBRARY	temp/spectra_filtered.mgf182	-1	GNPS-ALKYLAMINES-LIBRARY.mgf	4440.4				7	0	1.09309	245.077	0	CCMSLIB00016347603
1239	spectra_filtered.mgf	*..*		:53839	130790	-1	0	243.039	1	0.728694	0	0	177.877	63870800.0	313241-14-4 [M-H]-	MSNLIB-NEGATIVE	temp/spectra_filtered.mgf1239	-1	MSNLIB-NEGATIVE.mgf	4485.99				6	0	1.09027	244.129	0	CCMSLIB00012837915
1716	spectra_filtered.mgf	*..*		:442	1084	-1	0	1025.57	1	0.725185	0	0	140240.0	103328000.0	Peptide with possible PPQVV seq, Possibly media derived M+H	GNPS-LIBRARY	temp/spectra_filtered.mgf1716	-1	GNPS-LIBRARY.mgf	3.33275				24	0	0.00341797	1025.57	0	CCMSLIB00000077173
167	spectra_filtered.mgf	*..*		:174	174	-1	0	173.128	1	0.724582	0	0	760856.0	142793.0	Candidate N-acetylputrescine-C2:0 (delta mass:42.0105) M+H	GNPS-N-ACYL-LIPIDS-MASSQL	temp/spectra_filtered.mgf167	-1	GNPS-N-ACYL-LIPIDS-MASSQL.mgf	6282.59				6	0	1.08769	172.04	0	CCMSLIB00016338579
2001	spectra_filtered.mgf	*..*		:2878	1613	-1	0	297.242	1	0.724227	0	0	1012650.0	484252.0	Spectral Match to 9(10)-EpOME from NIST14 M+H	GNPS-NIST14-MATCHES	temp/spectra_filtered.mgf2001	-1	GNPS-NIST14-MATCHES.mgf	3309.33				8	0	0.983673	296.258	0	CCMSLIB00003136100
1144	spectra_filtered.mgf	*..*		:2236	2236	-1	0	370.332	1	0.723637	0	0	1559140.0	4114220.0	Candidate Leucine-C16:0 (delta mass:238.2299) M+H	GNPS-N-ACYL-LIPIDS-MASSQL	temp/spectra_filtered.mgf1144	-1	GNPS-N-ACYL-LIPIDS-MASSQL.mgf	4980.95				7	0	1.8446	372.177	0	CCMSLIB00016340641
516	spectra_filtered.mgf	*..*		:717	2151	-1	0	489.364	1	0.723421	0	0	29589100.0	8749930.0	Spectral Match to Leu-Leu from NIST14 2M+H	GNPS-NIST14-MATCHES	temp/spectra_filtered.mgf516	-1	GNPS-NIST14-MATCHES.mgf	1738.33				8	0	0.850677	490.215	0	CCMSLIB00003136638
832	spectra_filtered.mgf	*..*		:1590	50831	-1	0	281.113	1	0.723001	0	0	366.8	6168650.0	ASP-PHE M+H	MONA	temp/spectra_filtered.mgf832	-1	MONA.mgf	1.19416				7	0	0.000335693	281.113	0	CCMSLIB00006679860
165	spectra_filtered.mgf	*..*		:776	1460	-1	0	245.186	1	0.722659	0	0	136211000.0	14246000.0	Ornithine-C7:0 M+H	ECG-ACYL-AMIDES-C4-C24-LIBRARY	temp/spectra_filtered.mgf165	-1	ECG-ACYL-AMIDES-C4-C24-LIBRARY.mgf	7924.32				6	0	1.94293	247.129	0	CCMSLIB00011434903
477	spectra_filtered.mgf	*..*		:19869	20315	-1	0	149.06	1	0.718137	0	0	3046560.0	8722770.0	3-(2-Hydroxyphenyl)propionic acid CollisionEnergy:205060 M+H-H2O	BERKELEY-LAB	temp/spectra_filtered.mgf477	-1	BERKELEY-LAB.mgf	0.921301				7	0	0.000137329	149.06	0	CCMSLIB00010122304
413	spectra_filtered.mgf	*..*		:2101	2101	-1	0	355.296	1	0.717134	0	0	1083060.0	4724020.0	Candidate Lysine-C14:1 (delta mass:208.183) M+H	GNPS-N-ACYL-LIPIDS-MASSQL	temp/spectra_filtered.mgf413	-1	GNPS-N-ACYL-LIPIDS-MASSQL.mgf	5396.25				6	0	1.91727	357.213	0	CCMSLIB00016340506
434	spectra_filtered.mgf	*..*		:209	5061	-1	0	373.281	1	0.716248	0	0	681354.0	10610100.0	Spectral Match to Ile-Ile-Lys from NIST14 M+H	GNPS-NIST14-MATCHES	temp/spectra_filtered.mgf434	-1	GNPS-NIST14-MATCHES.mgf	5108.21				7	0	1.9068	375.188	0	CCMSLIB00003139548
1712	spectra_filtered.mgf	*..*		:49250	126201	-1	0	244.034	1	0.715539	0	0	215.238	3384730.0	1989659-52-0 [M-H]-	MSNLIB-NEGATIVE	temp/spectra_filtered.mgf1712	-1	MSNLIB-NEGATIVE.mgf	4421.81				7	0	1.07907	245.113	0	CCMSLIB00012828278
686	spectra_filtered.mgf	*..*		:1314	2089	-1	0	245.186	1	0.715278	0	0	7496170.0	10751200.0	Spectral Match to Ile-Leu from NIST14 M+H	GNPS-NIST14-MATCHES	temp/spectra_filtered.mgf686	-1	GNPS-NIST14-MATCHES.mgf	7924.44				6	0	1.94296	247.129	0	CCMSLIB00003136576
585	spectra_filtered.mgf	*..*		:41939	41939	-1	0	438.068	1	0.714548	0	0	110.291	53438400.0	SCHEMBL20255508 [M-H]-	MSNLIB-NEGATIVE	temp/spectra_filtered.mgf585	-1	MSNLIB-NEGATIVE.mgf	1972.26				6	0	0.863983	437.204	0	CCMSLIB00012364586
341	spectra_filtered.mgf	*..*		:394	5147	-1	0	244.165	1	0.713766	0	0	2361300.0	112463000.0	Spectral Match to Lys-Pro from NIST14 M+H	GNPS-NIST14-MATCHES	temp/spectra_filtered.mgf341	-1	GNPS-NIST14-MATCHES.mgf	4124.46				7	0	1.00705	243.158	0	CCMSLIB00003139634
1172	spectra_filtered.mgf	*..*		:1918	1918	-1	0	320.222	1	0.710861	0	0	354005.0	7180660.0	Candidate Phenylalanine-C10:0 (delta mass:154.1353) M+H	GNPS-N-ACYL-LIPIDS-MASSQL	temp/spectra_filtered.mgf1172	-1	GNPS-N-ACYL-LIPIDS-MASSQL.mgf	3364.33				6	0	1.07733	319.145	0	CCMSLIB00016340323
635	spectra_filtered.mgf	*..*		:10978	10978	-1	0	300.084	1	0.709703	0	0	1016770.0	6244810.0	Proline_Erythrose-4-phosphate (known isomers: 0; isobaric peaks in run: 0) [M+H]+	GNPS-ALKYLAMINES-LIBRARY	temp/spectra_filtered.mgf635	-1	GNPS-ALKYLAMINES-LIBRARY.mgf	3278.09				7	0	0.983704	299.1	0	CCMSLIB00016354005
1796	spectra_filtered.mgf	*..*		:335	335	-1	0	983.57	1	0.709565	0	0	329308.0	29394000.0	Suzukacillin-B_35482_dereplictor_pv_1.01778e-11 M+2H	DEREPLICATOR_IDENTIFIED_LIBRARY	temp/spectra_filtered.mgf1796	-1	DEREPLICATOR_IDENTIFIED_LIBRARY.mgf	14.0864				24	0	982.577	983.556	0	CCMSLIB00000577825
1346	spectra_filtered.mgf	*..*		:50314	50314	-1	0	376.187	1	0.709333	0	0	221.187	5433990.0	EiM07-17671 [M+H]+	MSNLIB-POSITIVE	temp/spectra_filtered.mgf1346	-1	MSNLIB-POSITIVE.mgf	5205.85				7	0	1.95837	374.229	0	CCMSLIB00012368517
787	spectra_filtered.mgf	*..*		:1151	1151	-1	0	243.134	1	0.707597	0	0	71768100.0	23848900.0	Candidate Glutamine-C6:1 (delta mass:96.0576) M+H	GNPS-N-ACYL-LIPIDS-MASSQL	temp/spectra_filtered.mgf787	-1	GNPS-N-ACYL-LIPIDS-MASSQL.mgf	4093.63				8	0	0.9953	244.129	0	CCMSLIB00016339556
1320	spectra_filtered.mgf	*..*		:49250	126201	-1	0	244.034	1	0.707345	0	0	215.238	6950880.0	1989659-52-0 [M-H]-	MSNLIB-NEGATIVE	temp/spectra_filtered.mgf1320	-1	MSNLIB-NEGATIVE.mgf	4423.31				7	0	1.07944	245.113	0	CCMSLIB00012828278
489	spectra_filtered.mgf	*..*		:3116	239	-1	0	348.22	1	0.704545	0	0	79469100.0	3815200.0	3-hydroxytetradecanoyl cysteine [M+H]+ [M+H]+	3-HYDROXY-ACYL-AMIDES-LIBRARY	temp/spectra_filtered.mgf489	-1	3-HYDROXY-ACYL-AMIDES-LIBRARY.mgf	5508.36				8	0	1.91812	350.138	0	CCMSLIB00013641040
183	spectra_filtered.mgf	*..*		:183	3572	-1	0	388.254	1	0.701322	0	0	2620860.0	6585990.0	Spectral Match to Gln-Leu-Lys from NIST14 M+H	GNPS-NIST14-MATCHES	temp/spectra_filtered.mgf183	-1	GNPS-NIST14-MATCHES.mgf	2538.14				9	0	0.985443	389.239	0	CCMSLIB00003138059
1396	spectra_filtered.mgf	*..*		:1530	1299	-1	0	229.155	1	0.700523	0	0	2007680.0	16294000.0	Spectral Match to Pro-Leu from NIST14 M+H	GNPS-NIST14-MATCHES	temp/spectra_filtered.mgf1396	-1	GNPS-NIST14-MATCHES.mgf	159.41				6	0	0.0365295	229.118	0	CCMSLIB00003135785
211	spectra_filtered.mgf	*..*		:690	5239	-1	0	269.162	1	0.700026	0	0	484735.0	3757110.0	Spectral Match to Leu-His from NIST14 M+H	GNPS-NIST14-MATCHES	temp/spectra_filtered.mgf211	-1	GNPS-NIST14-MATCHES.mgf	3845.96				6	0	1.03519	268.127	0	CCMSLIB00003139726
